dataset,rouge1_fmeasure,rouge1_precision,rouge1_recall,rouge2_fmeasure,rouge2_precision,rouge2_recall,rougeL_fmeasure,rougeL_precision,rougeL_recall,bleu1,bleu2,bleu3,bleu4,jaccard,perplexity,cosine_similarity
XSum,0.16019417475728157,1.0,0.0870712401055409,0.14634146341463417,0.9375,0.07936507936507936,0.1504854368932039,0.9393939393939394,0.08179419525065963,8.272406555663223e-05,8.195094344862632e-05,8.117056197810391e-05,7.999261056183776e-05,0.13777777777777778,81066.92305047905,0.013052588358934905
XSum,0.11612903225806451,1.0,0.06164383561643835,0.11384217335058214,1.0,0.06035665294924554,0.11612903225806451,1.0,0.06164383561643835,1.4748959637258774e-07,1.4748959637258774e-07,1.4627067408851678e-07,1.4565362629326092e-07,0.08433734939759036,27371147.346616127,0.008890284007635188
XSum,0.3070866141732283,0.975,0.1822429906542056,0.2777777777777778,0.8974358974358975,0.1643192488262911,0.26771653543307083,0.85,0.1588785046728972,0.010294037074536709,0.010097022010909212,0.009947603134528263,0.009796740597505951,0.24812030075187969,185.86117052595398,0.019138755980861243
XSum,0.33879781420765026,1.0,0.20394736842105263,0.3314917127071823,1.0,0.1986754966887417,0.33879781420765026,1.0,0.20394736842105263,0.032892593372189236,0.032892593372189236,0.03254816831070034,0.03237323663473361,0.25471698113207547,134.28977968493552,0.016099773242630386
XSum,0.2017167381974249,1.0,0.11217183770883055,0.18965517241379307,0.9565217391304348,0.10526315789473684,0.19742489270386268,0.9787234042553191,0.10978520286396182,0.000697012312063497,0.0006898756672300823,0.0006826901412676717,0.0006754552302471002,0.16996047430830039,6145.062884067098,0.011624286455630514
XSum,0.31316725978647686,0.8461538461538461,0.19213973799126638,0.26523297491039427,0.7254901960784313,0.16228070175438597,0.298932384341637,0.8076923076923077,0.18340611353711792,0.04432001980757645,0.041684484649116206,0.036830792263622736,0.03341762165544269,0.23376623376623376,67.46024500875336,0.012265592663782599
XSum,0.5485714285714286,1.0,0.3779527559055118,0.5433526011560694,1.0,0.373015873015873,0.5485714285714286,1.0,0.3779527559055118,0.1631334317769662,0.1613341659853085,0.16012358986226205,0.15829984861320423,0.4838709677419355,13.804574186067095,0.01455026455026455
XSum,0.25429553264604815,0.9487179487179487,0.14682539682539683,0.19377162629757783,0.7368421052631579,0.11155378486055777,0.21305841924398625,0.7948717948717948,0.12301587301587301,0.003912893078283082,0.00386163247027064,0.003655465902080248,0.003326820987262708,0.15337423312883436,665.1416330443618,0.015555082037076498
XSum,0.3210702341137123,1.0,0.19123505976095617,0.303030303030303,0.9574468085106383,0.18,0.3076923076923077,0.9583333333333334,0.18326693227091634,0.010971486411521666,0.01085393477139822,0.010617567495020968,0.010497897070017135,0.2147239263803681,244.69193226422038,0.01389932381667919
XSum,0.3416149068322981,1.0,0.20599250936329588,0.3,0.8888888888888888,0.18045112781954886,0.3229813664596274,0.9454545454545454,0.1947565543071161,0.018546021264931885,0.01831346927414904,0.01802113387064136,0.01766844928078684,0.28160919540229884,137.8168908154395,0.011695906432748537
XSum,0.425,0.9444444444444444,0.27419354838709675,0.3333333333333333,0.7647058823529411,0.21311475409836064,0.39999999999999997,0.8888888888888888,0.25806451612903225,0.10930728517411856,0.10287744486975864,0.09740253134327397,0.09400426524974195,0.3076923076923077,25.083800069814448,0.02586206896551724
XSum,0.5396825396825397,0.9444444444444444,0.37777777777777777,0.45901639344262296,0.8235294117647058,0.3181818181818182,0.5396825396825397,0.9444444444444444,0.37777777777777777,0.198184532293753,0.1919912656595732,0.18566761446467386,0.17920941749967026,0.39473684210526316,13.306269220333073,0.03609625668449198
XSum,0.26865671641791045,0.8571428571428571,0.1592920353982301,0.21804511278195488,0.7073170731707317,0.1288888888888889,0.23880597014925373,0.7619047619047619,0.1415929203539823,0.021744679020408105,0.0209235358657133,0.019519687837925282,0.017857227679577026,0.19078947368421054,224.67033417712017,0.00888029302623008
XSum,0.33476394849785407,0.65,0.2254335260115607,0.17316017316017318,0.3389830508474576,0.11627906976744186,0.24892703862660942,0.48333333333333334,0.1676300578034682,0.12377830498936294,0.11244603288670835,0.08890288576192674,0.07267820914294525,0.15079365079365079,15.38408192073893,0.0132360407202357
XSum,0.32974910394265233,1.0,0.19742489270386265,0.3104693140794224,0.9555555555555556,0.1853448275862069,0.3225806451612903,0.9782608695652174,0.19313304721030042,0.01636308701552541,0.01612420983281701,0.01588358263411807,0.015520869301491012,0.2331288343558282,177.28839870045869,0.011254172627563185
XSum,0.1296928327645051,0.9743589743589743,0.06946983546617916,0.09931506849315068,0.7631578947368421,0.05311355311355311,0.11262798634812288,0.8461538461538461,0.0603290676416819,2.6987353792649458e-06,2.6987353792649458e-06,2.6120787386463464e-06,2.4500040079041214e-06,0.07868852459016394,1113564.7601450873,0.01803843792794069
XSum,0.07282913165266106,1.0,0.0377906976744186,0.0702247191011236,1.0,0.036390101892285295,0.07282913165266106,1.0,0.0377906976744186,1.1508497832737345e-10,1.1508497832737345e-10,1.1508497832737345e-10,1.128430631651519e-10,0.07122507122507123,211379953157.2384,0.0058997050147492625
XSum,0.29072681704260656,0.7631578947368421,0.17956656346749225,0.21158690176322417,0.56,0.13043478260869565,0.2807017543859649,0.7368421052631579,0.17337461300309598,0.030431672077982728,0.02909122284817915,0.024740222944120004,0.021079848396418948,0.19047619047619047,70.10541234668786,0.010741500011993444
XSum,0.10580645161290322,0.8541666666666666,0.05639614855570839,0.062095730918499355,0.5106382978723404,0.03305785123966942,0.08774193548387098,0.7083333333333334,0.04676753782668501,3.897683307189773e-06,3.87261781968373e-06,3.470195460594766e-06,3.1030100115491397e-06,0.05867970660146699,2586865.442351066,0.00847011412481705
XSum,0.5166666666666667,0.8611111111111112,0.36904761904761907,0.40677966101694907,0.6857142857142857,0.2891566265060241,0.48333333333333345,0.8055555555555556,0.34523809523809523,0.16735722516899212,0.157433015692803,0.13843029575708765,0.12822085032555183,0.3076923076923077,11.293670366739684,0.017045454545454544
XSum,0.2090032154340836,1.0,0.11669658886894076,0.20645161290322583,1.0,0.11510791366906475,0.2090032154340836,1.0,0.11669658886894076,0.0005285069800509957,0.0005285069800509957,0.0005202274973347922,0.0005174387710446921,0.18944099378881987,4078.2890779970085,0.0074492885661459314
XSum,0.0583232077764277,1.0,0.030037546933667083,0.05115712545676005,0.9130434782608695,0.02631578947368421,0.0583232077764277,1.0,0.030037546933667083,5.887120790924834e-13,5.887120790924834e-13,5.636605012587607e-13,5.424561300209311e-13,0.01907356948228883,101390447851464.12,0.007267441860465116
XSum,0.3680555555555555,1.0,0.225531914893617,0.3356643356643357,0.9230769230769231,0.20512820512820512,0.33333333333333326,0.9056603773584906,0.20425531914893616,0.03156108550315053,0.03133724801731258,0.03055023223080763,0.0297575949029705,0.26666666666666666,122.03987383981018,0.01134904190190705
XSum,0.39520958083832336,1.0,0.2462686567164179,0.33939393939393936,0.875,0.21052631578947367,0.35928143712574845,0.9090909090909091,0.22388059701492538,0.03794277024839315,0.03728097774406071,0.03638955743120746,0.035487649820555946,0.25961538461538464,51.38744795322179,0.01724941724941725
XSum,0.2656641604010025,0.8833333333333333,0.15634218289085547,0.23677581863979846,0.7966101694915254,0.1390532544378698,0.2506265664160401,0.8333333333333334,0.14749262536873156,0.010305939326065926,0.010160955137143251,0.009637778103151648,0.008907894735615205,0.20179372197309417,277.86034853309854,0.011833394941503076
XSum,0.15384615384615385,1.0,0.08333333333333333,0.1364452423698384,0.9047619047619048,0.07378640776699029,0.10017889087656529,0.6511627906976745,0.05426356589147287,3.04679054731739e-06,3.04679054731739e-06,2.9884787665074876e-06,2.914958264020003e-06,0.09740259740259741,261712.01531059548,0.018740903554225138
XSum,0.3582089552238806,0.8571428571428571,0.22641509433962265,0.24812030075187969,0.6,0.15639810426540285,0.26865671641791045,0.6428571428571429,0.16981132075471697,0.046605452612246016,0.045429289770296595,0.03923117213562481,0.03595277772944693,0.18064516129032257,42.52108200006278,0.020578231292517006
XSum,0.2206405693950178,0.8857142857142857,0.12601626016260162,0.15770609318996415,0.6470588235294118,0.08979591836734693,0.16370106761565834,0.6571428571428571,0.09349593495934959,0.0027121868873866434,0.0025758960890255055,0.0023149473937795085,0.002078884365458798,0.11976047904191617,1096.6331584284585,0.01644314868804665
XSum,0.10410094637223975,0.7021276595744681,0.056218057921635436,0.06012658227848101,0.41304347826086957,0.032423208191126277,0.08832807570977917,0.5957446808510638,0.04770017035775128,6.76065737615505e-06,6.081779205071065e-06,4.470613658346128e-06,3.667547583703209e-06,0.0989010989010989,1358580.8490007806,0.005297118001397634
XSum,0.11251212415130941,0.9508196721311475,0.05979381443298969,0.08746355685131195,0.75,0.04643962848297214,0.08535402521823472,0.7213114754098361,0.04536082474226804,2.7311521631150686e-07,2.723189620365462e-07,2.6273364376165425e-07,2.4748563589517777e-07,0.07584830339321358,6507881.834294173,0.011172253729157141
XSum,0.35251798561151076,0.8032786885245902,0.22580645161290322,0.2826086956521739,0.65,0.18055555555555555,0.27338129496402874,0.6229508196721312,0.17511520737327188,0.060351152329855315,0.05671965665176237,0.04846773438193999,0.04362318293957304,0.22857142857142856,38.88911088935209,0.00975609756097561
XSum,0.16891891891891891,1.0,0.09225092250922509,0.16610169491525423,1.0,0.09057301293900184,0.16891891891891891,1.0,0.09225092250922509,2.3569535332888577e-05,2.3306678061518073e-05,2.2953913141357906e-05,2.2775056613802447e-05,0.16216216216216217,47098.668030621746,0.017211895910780668
XSum,0.2491349480968858,0.9,0.14457831325301204,0.13937282229965156,0.5128205128205128,0.08064516129032258,0.21453287197231835,0.775,0.12449799196787148,0.006406413536192148,0.006215361941785216,0.005666804963983811,0.005003609966348703,0.1513157894736842,524.87382204141,0.01565851119809129
XSum,0.16332378223495703,0.95,0.08934169278996865,0.1264367816091954,0.7457627118644068,0.06907378335949764,0.1346704871060172,0.7833333333333333,0.07366771159874608,7.682438621997489e-05,7.571098931823613e-05,7.280450554567388e-05,6.741731851956979e-05,0.08902077151335312,40134.83743087578,0.014157646545796893
XSum,0.13259668508287292,0.26666666666666666,0.08823529411764706,0.0670391061452514,0.13636363636363635,0.044444444444444446,0.12154696132596685,0.24444444444444444,0.08088235294117647,0.1005456299237521,0.06279561068180045,0.034436621935999966,0.023863922324628507,0.052083333333333336,30.601610294559322,0.01174089068825911
XSum,0.1330049261083744,1.0,0.0712401055408971,0.12376237623762376,0.9615384615384616,0.06613756613756613,0.1330049261083744,1.0,0.0712401055408971,5.562765369806431e-06,5.562765369806431e-06,5.464018055549512e-06,5.3640951780276295e-06,0.10526315789473684,1158878.1267111767,0.007859318204145791
XSum,0.14285714285714285,0.926829268292683,0.07739307535641547,0.08679245283018867,0.575,0.04693877551020408,0.09774436090225566,0.6341463414634146,0.05295315682281059,1.923323150034223e-05,1.8843894830294815e-05,1.7435002538928118e-05,1.5465088185989464e-05,0.09608540925266904,107512.87143469784,0.011142490372272143
XSum,0.2558139534883721,0.9166666666666666,0.14864864864864866,0.19883040935672516,0.723404255319149,0.1152542372881356,0.23255813953488372,0.8333333333333334,0.13513513513513514,0.00790597833510621,0.00774408116783441,0.0072561718966043295,0.006846414228339398,0.16042780748663102,458.36214187995756,0.014933625665142565
XSum,0.3206106870229008,1.0,0.19090909090909092,0.3153846153846154,1.0,0.1872146118721461,0.3206106870229008,1.0,0.19090909090909092,0.010149728018664522,0.010104817717696979,0.010014398311748995,0.009877860303878865,0.23076923076923078,247.84920399479975,0.017769827072152654
XSum,0.09873949579831932,0.6025641025641025,0.05377574370709382,0.050526315789473676,0.3116883116883117,0.027491408934707903,0.07563025210084034,0.46153846153846156,0.041189931350114416,3.0024835319572778e-05,2.792363296146048e-05,2.16692875042704e-05,1.5658971785487107e-05,0.0636604774535809,54734.878089841965,0.00841662476314883
XSum,0.6875,0.9705882352941176,0.532258064516129,0.5957446808510639,0.8484848484848485,0.45901639344262296,0.6666666666666666,0.9411764705882353,0.5161290322580645,0.45152077778201055,0.4381648070628243,0.4246772504252224,0.41330236211263444,0.4827586206896552,6.0141657631142245,0.020250723240115717
XSum,0.6438356164383562,0.9038461538461539,0.5,0.5694444444444444,0.803921568627451,0.44086021505376344,0.6301369863013698,0.8846153846153846,0.48936170212765956,0.4581422564153184,0.4416028247757763,0.4050243136425279,0.38817143907188795,0.4666666666666667,6.171858449883554,0.020884924707712877
XSum,0.22580645161290322,0.8166666666666667,0.13101604278074866,0.16666666666666669,0.6101694915254238,0.09651474530831099,0.19815668202764977,0.7166666666666667,0.11497326203208556,0.0049681430460645085,0.004788737880512179,0.0041793292476642934,0.0036359035700248635,0.11363636363636363,492.7490410932563,0.021057347670250897
XSum,0.2429906542056075,0.9512195121951219,0.1392857142857143,0.2006269592476489,0.8,0.11469534050179211,0.2305295950155763,0.9024390243902439,0.13214285714285715,0.0011450334498367479,0.0011347640915422479,0.0010728241331803764,0.0010258670727044167,0.14124293785310735,818.3720591006391,0.017206208425720623
XSum,0.671875,1.0,0.5058823529411764,0.6666666666666666,1.0,0.5,0.671875,1.0,0.5058823529411764,0.40526025778326935,0.4019787982060769,0.40031805951761973,0.3986437637786446,0.5633802816901409,7.38905609893065,0.015589569160997732
XSum,0.09431939978563772,1.0,0.049493813273340834,0.07948442534908699,0.8604651162790697,0.041666666666666664,0.06859592711682744,0.7272727272727273,0.0359955005624297,3.686360984239454e-08,3.661111936402197e-08,3.559681912616105e-08,3.3939944234204623e-08,0.06047516198704104,838914244.4772716,0.008138829112177896
XSum,0.22754491017964074,1.0,0.12837837837837837,0.18072289156626506,0.8108108108108109,0.1016949152542373,0.17964071856287425,0.7894736842105263,0.10135135135135136,0.0016073318294952304,0.0016073318294952304,0.0015774279815046212,0.0015021792799020843,0.1702127659574468,2401.343817952277,0.009853603603603604
XSum,0.2101449275362319,1.0,0.11740890688259109,0.145985401459854,0.7142857142857143,0.08130081300813008,0.11594202898550726,0.5517241379310345,0.06477732793522267,0.00027465356997214254,0.00027140323186596336,0.00026320967122330326,0.00024998408763931537,0.14743589743589744,5669.505292170303,0.01652892561983471
XSum,0.2874251497005988,0.9795918367346939,0.16842105263157894,0.27108433734939763,0.9375,0.15845070422535212,0.281437125748503,0.9591836734693877,0.1649122807017544,0.010185850019570935,0.010056405182256848,0.009893700111937069,0.009697417035684794,0.225130890052356,403.4287934927351,0.009582012977214427
XSum,0.8860759493670886,1.0,0.7954545454545454,0.8831168831168831,1.0,0.7906976744186046,0.8860759493670886,1.0,0.7954545454545454,0.7884992983952249,0.7767306521505201,0.7727293124273205,0.7686877582345408,0.7692307692307693,3.5420508032430584,0.03146374829001368
XSum,0.6751592356687898,0.9636363636363636,0.5196078431372549,0.5806451612903225,0.8333333333333334,0.44554455445544555,0.6114649681528662,0.8727272727272727,0.47058823529411764,0.42720198753797906,0.4186579477872195,0.39434029618890376,0.36985943887516304,0.4878048780487805,6.490699917095604,0.0176017601760176
XSum,0.2067796610169491,0.8133333333333334,0.11844660194174757,0.1564625850340136,0.6216216216216216,0.08949416342412451,0.17627118644067796,0.6933333333333334,0.10097087378640776,0.0011443346343246125,0.0010744839080791685,0.000986007120239205,0.000884859703664959,0.10839160839160839,1280.4022655021756,0.020045469668404127
XSum,0.14960629921259844,0.8636363636363636,0.08189655172413793,0.09210526315789473,0.5384615384615384,0.050359712230215826,0.11548556430446195,0.6666666666666666,0.06321839080459771,3.911258669956053e-05,3.900514408564085e-05,3.578963286069417e-05,3.0085261221531796e-05,0.07524271844660194,30740.40934396602,0.008397760597174087
XSum,0.4216867469879518,0.8974358974358975,0.2755905511811024,0.3292682926829268,0.7105263157894737,0.21428571428571427,0.3855421686746988,0.8205128205128205,0.25196850393700787,0.15698685904911172,0.15201815345932201,0.14140399828045724,0.12882977496520423,0.2696629213483146,25.956193623432217,0.02523722996163941
XSum,0.4285714285714286,0.9795918367346939,0.2742857142857143,0.3963963963963964,0.9166666666666666,0.25287356321839083,0.4196428571428571,0.9591836734693877,0.26857142857142857,0.09018063233804569,0.08868757551125685,0.08628578775201713,0.08446919228996946,0.3391304347826087,36.75104522190093,0.024084778420038536
XSum,0.3129251700680272,0.8214285714285714,0.19327731092436976,0.2328767123287671,0.6181818181818182,0.14345991561181434,0.23129251700680267,0.6071428571428571,0.14285714285714285,0.05472560708116435,0.050695649261351394,0.04443575280235068,0.039792560238026825,0.20512820512820512,57.548701904149,0.012044592977156963
XSum,0.2808510638297872,0.8918918918918919,0.16666666666666666,0.24892703862660945,0.8055555555555556,0.14720812182741116,0.2723404255319149,0.8648648648648649,0.16161616161616163,0.016045081239953175,0.015254683149315086,0.013900441668276265,0.01341081417070713,0.20149253731343283,213.49989986162404,0.012627035549019111
XSum,0.4743589743589744,0.925,0.31896551724137934,0.3376623376623376,0.6666666666666666,0.22608695652173913,0.3974358974358974,0.775,0.2672413793103448,0.1689252622028586,0.16147743500621836,0.1472376814098862,0.1366259269613506,0.29473684210526313,16.360531114707015,0.012232415902140673
XSum,0.14588859416445624,1.0,0.07868383404864092,0.13563829787234044,0.9444444444444444,0.07306590257879657,0.14588859416445624,1.0,0.07868383404864092,3.646513215258433e-06,3.646513215258433e-06,3.579971003301162e-06,3.5530128764056528e-06,0.11590296495956873,536224.2300976506,0.008510081510816269
XSum,0.24181360201511337,1.0,0.13753581661891118,0.20253164556962028,0.851063829787234,0.11494252873563218,0.22670025188916876,0.9375,0.12893982808022922,0.0018994573281679,0.0018994573281679,0.0018650468693242788,0.0018165719174842098,0.16371681415929204,1954.2812891166666,0.010101010101010102
CNNDM,0.03708791208791209,1.0,0.018894331700489854,0.0343878954607978,0.9615384615384616,0.01750700280112045,0.03708791208791209,1.0,0.018894331700489854,9.820966224056512e-21,9.820966224056512e-21,9.705425444949965e-21,9.646629545522965e-21,0.03571428571428571,3.9755575052626165e+22,0.005983919862923422
CNNDM,0.09857328145265888,0.9743589743589743,0.05191256830601093,0.07282184655396619,0.7368421052631579,0.038303693570451436,0.08819714656290531,0.8717948717948718,0.04644808743169399,2.0030146019400686e-08,2.0030146019400686e-08,1.9384012276839375e-08,1.8268235026953403e-08,0.052054794520547946,1019784474.960171,0.007910271546635183
CNNDM,0.15347721822541965,1.0,0.08311688311688312,0.1397590361445783,0.9354838709677419,0.07552083333333333,0.14868105515587532,0.96875,0.08051948051948052,2.6240058873037406e-05,2.610618102164436e-05,2.6105494468560293e-05,2.5834284766753323e-05,0.1320754716981132,167921.1830854488,0.014448051948051948
CNNDM,0.12266112266112267,0.9833333333333333,0.06541019955654102,0.11875,0.9661016949152542,0.06326304106548279,0.12266112266112267,0.9833333333333333,0.06541019955654102,1.449278887147761e-06,1.449278887147761e-06,1.428515579308968e-06,1.4159621311213758e-06,0.10864745011086474,5118008.01667307,0.0062346059113300495
CNNDM,0.08500590318772137,1.0,0.04438964241676942,0.07810650887573964,0.9428571428571428,0.040740740740740744,0.08500590318772137,1.0,0.04438964241676942,3.0966737200239493e-10,3.0966737200239493e-10,3.0966737200239493e-10,3.0966737200239493e-10,0.09322033898305085,3789710832.193096,0.009487909861138098
CNNDM,0.11290322580645161,1.0,0.05982905982905983,0.10623556581986143,0.9583333333333334,0.05623471882640587,0.09907834101382489,0.8775510204081632,0.052503052503052504,1.2758392577654585e-06,1.2758392577654585e-06,1.2629519925355045e-06,1.258598186714574e-06,0.0880952380952381,11351925.773620224,0.011357809455440468
CNNDM,0.20512820512820512,1.0,0.11428571428571428,0.18006430868167203,0.8888888888888888,0.1001788908765653,0.1955128205128205,0.953125,0.10892857142857143,0.0003759554573675374,0.0003759554573675374,0.0003716465122974224,0.00036515213962709097,0.18439716312056736,9572.66257416543,0.009668107959716477
CNNDM,0.11149228130360206,0.9420289855072463,0.059252506836827715,0.09621993127147765,0.8235294117647058,0.051094890510948905,0.0823327615780446,0.6956521739130435,0.04375569735642662,2.797328226032505e-07,2.78212535523885e-07,2.6906181574645077e-07,2.560396053882211e-07,0.08590308370044053,7558892.888544649,0.007804294868142538
CNNDM,0.08702175543885972,0.9206349206349206,0.04566929133858268,0.07963936889556725,0.8548387096774194,0.04176516942474389,0.07651912978244563,0.8095238095238095,0.04015748031496063,2.5980082472837837e-11,2.5418710491089882e-11,2.4384383878232967e-11,2.3060245711076568e-11,0.06622516556291391,7285055602.955255,0.005427291806931601
CNNDM,0.4749163879598663,1.0,0.31140350877192985,0.4713804713804714,1.0,0.30837004405286345,0.4749163879598663,1.0,0.31140350877192985,0.11920583749225921,0.11920583749225921,0.11920583749225921,0.11920583749225921,0.39855072463768115,22.517340793054956,0.018110806911227243
CNNDM,0.2508038585209003,1.0,0.14338235294117646,0.22653721682847897,0.9210526315789473,0.12915129151291513,0.23151125401929262,0.9230769230769231,0.1323529411764706,0.002175208774807959,0.0021653662011662943,0.0021554341495824323,0.002125546474013257,0.21656050955414013,1068.8717953923406,0.01583710407239819
CNNDM,0.08235294117647059,0.98,0.04298245614035088,0.07407407407407407,0.8979591836734694,0.038630377524143986,0.07899159663865547,0.94,0.0412280701754386,2.799394941471899e-10,2.7792921436141353e-10,2.72883671515651e-10,2.657806839152078e-10,0.07468879668049792,13599968769.606697,0.008104095431368896
CNNDM,0.2803347280334728,0.9710144927536232,0.16381418092909536,0.24789915966386555,0.8676470588235294,0.14460784313725492,0.24267782426778242,0.8405797101449275,0.14180929095354522,0.006622771246649526,0.006622771246649526,0.00639326927275573,0.006162628331249559,0.22477064220183487,391.7360359510989,0.014053897421037381
CNNDM,0.10060975609756098,0.9705882352941176,0.05305466237942122,0.08396946564885496,0.8208955223880597,0.04424778761061947,0.08384146341463415,0.8088235294117647,0.04421221864951769,6.08824822658501e-09,6.053258294248315e-09,5.912794387202157e-09,5.595557618653276e-09,0.08379888268156424,145673008.4916477,0.00890621384170813
CNNDM,0.059728506787330306,1.0,0.030783582089552237,0.056210335448776065,0.96875,0.028944911297852476,0.0579185520361991,0.9696969696969697,0.029850746268656716,1.1755348280092603e-14,1.1755348280092603e-14,1.1755348280092603e-14,1.1691805856956968e-14,0.059670781893004114,157036597624431.66,0.006990917782026769
CNNDM,0.05053598774885146,1.0,0.025923016496465043,0.04141104294478527,0.84375,0.02122641509433962,0.03981623277182236,0.7878787878787878,0.0204241948153967,7.144633303166281e-16,7.108730623250872e-16,6.855961250513098e-16,6.564358517122319e-16,0.040145985401459854,7.178845039374584e+16,0.010174545803668455
CNNDM,0.09047619047619047,0.9047619047619048,0.047619047619047616,0.06921241050119332,0.7073170731707317,0.03638644918444166,0.07142857142857142,0.7142857142857143,0.03759398496240601,1.1899038950364934e-07,1.1803846638762014e-07,1.1086654764998654e-07,1.0363679085801717e-07,0.07466666666666667,701282284.7717217,0.0065800656085524285
CNNDM,0.13466334164588528,1.0,0.07219251336898395,0.11027568922305762,0.8461538461538461,0.058981233243967826,0.12967581047381546,0.9629629629629629,0.06951871657754011,2.626250185782307e-05,2.612354682153829e-05,2.5703725222550237e-05,2.499853118017383e-05,0.07614213197969544,1076137.5960400435,0.016592592592592593
CNNDM,0.10847457627118644,0.96,0.05748502994011976,0.05889014722536806,0.5306122448979592,0.03117505995203837,0.0790960451977401,0.7,0.041916167664670656,9.441656878790974e-07,9.349091615273416e-07,9.008269349928437e-07,8.168275523427718e-07,0.054455445544554455,11524664.08748392,0.00986561707555091
CNNDM,0.1741741741741742,0.9206349206349206,0.09618573797678276,0.12951807228915663,0.6935483870967742,0.07142857142857142,0.16216216216216214,0.8571428571428571,0.08955223880597014,0.0004032313867962858,0.00039999691043160967,0.0003816104009090855,0.00035228548577632496,0.10793650793650794,10782.87261936415,0.006656758406854531
CNNDM,0.16759776536312848,0.9574468085106383,0.09183673469387756,0.14953271028037382,0.8695652173913043,0.081799591002045,0.16759776536312848,0.9574468085106383,0.09183673469387756,2.7536449349747158e-05,2.7536449349747158e-05,2.6848038116003478e-05,2.58082203110601e-05,0.11023622047244094,50122.346333115645,0.013552361396303902
CNNDM,0.21572212065813526,1.0,0.12090163934426229,0.2055045871559633,0.9655172413793104,0.11498973305954825,0.21206581352833637,0.9830508474576272,0.11885245901639344,0.0005250963526353382,0.0005250963526353382,0.0005235289008364267,0.0005203799183302304,0.17753623188405798,4703.867637411494,0.009242920865423313
CNNDM,0.16621983914209115,1.0,0.09064327485380116,0.15591397849462366,0.9508196721311475,0.0849194729136164,0.13941018766756033,0.8387096774193549,0.07602339181286549,3.590607324629642e-05,3.590607324629642e-05,3.558832038570973e-05,3.5162456344745907e-05,0.13975155279503104,74095.8462789549,0.013602716491105957
CNNDM,0.13981042654028436,1.0,0.0751592356687898,0.1353919239904988,0.9827586206896551,0.07270408163265306,0.1137440758293839,0.8135593220338984,0.061146496815286625,3.125199424227678e-06,3.125199424227678e-06,3.1154025608288453e-06,3.0760610685008276e-06,0.14565826330532214,465096.4116686539,0.008067262664963814
CNNDM,0.06726457399103138,0.9836065573770492,0.034822983168891465,0.04377104377104377,0.65,0.02264808362369338,0.05044843049327354,0.7377049180327869,0.0261172373766686,1.0454897183568204e-11,1.0403140266817866e-11,1.0013871744062847e-11,9.51863773429344e-12,0.03467406380027739,10497338419924.488,0.011937352849791718
CNNDM,0.1939655172413793,1.0,0.10739856801909307,0.18181818181818182,0.9545454545454546,0.10047846889952153,0.1896551724137931,0.9777777777777777,0.10501193317422435,0.0002559593786359253,0.0002559593786359253,0.0002559593786359253,0.0002548973065254028,0.1574468085106383,21495.733575975897,0.010555191126483392
CNNDM,0.19791666666666669,1.0,0.10982658959537572,0.17801047120418848,0.918918918918919,0.09855072463768116,0.171875,0.868421052631579,0.0953757225433526,0.00037905545121915313,0.0003773324718954297,0.00037213206398227364,0.00036688394590477663,0.19101123595505617,16086.155685087233,0.011915392008020543
CNNDM,0.07700770077007701,0.9722222222222222,0.04009163802978236,0.059536934950385895,0.7714285714285715,0.03096330275229358,0.0638063806380638,0.8055555555555556,0.033218785796105384,1.7315190348793697e-10,1.7073583041601227e-10,1.6263332991156698e-10,1.528289101208082e-10,0.04783599088838269,8065090830.857968,0.008229793774817471
CNNDM,0.19957537154989383,1.0,0.11084905660377359,0.18763326226012794,0.9565217391304348,0.10401891252955082,0.178343949044586,0.8936170212765957,0.09905660377358491,0.00035922596613254947,0.0003578548746587611,0.0003550969320390719,0.0003495544978135962,0.167420814479638,10070.758487220399,0.009792863002461034
CNNDM,0.1090289608177172,0.8648648648648649,0.05818181818181818,0.06495726495726496,0.5277777777777778,0.03460837887067395,0.09880749574105621,0.7837837837837838,0.05272727272727273,2.145907427436077e-06,2.1272473628496768e-06,1.9022672828363477e-06,1.6376661946222696e-06,0.06451612903225806,2121359.187868513,0.005866720152434438
CNNDM,0.2666666666666667,0.92,0.15593220338983052,0.19825072886297376,0.6938775510204082,0.11564625850340136,0.23768115942028986,0.82,0.13898305084745763,0.007238598670974955,0.007139439785071188,0.0067659753900521915,0.006389935378515822,0.13548387096774195,403.4287934927351,0.019820601851851853
CNNDM,0.06424870466321243,0.9841269841269841,0.03320835565077665,0.05912863070539419,0.9193548387096774,0.03054662379421222,0.06113989637305699,0.9365079365079365,0.03160149973219068,2.1530084616514912e-14,2.1530084616514912e-14,2.113137934583871e-14,2.079686192059645e-14,0.05981794538361508,38749369212966.0,0.011460425333562998
CNNDM,0.12396694214876032,1.0,0.06607929515418502,0.1078838174273859,0.896551724137931,0.05739514348785872,0.12396694214876032,1.0,0.06607929515418502,6.41769812807697e-07,6.41769812807697e-07,6.378565822417964e-07,6.29958098461543e-07,0.10358565737051793,6081060.451948169,0.02070487934840527
CNNDM,0.1445378151260504,0.8958333333333334,0.07861060329067641,0.11129848229342328,0.7021276595744681,0.06043956043956044,0.12100840336134452,0.75,0.06581352833638025,0.00011004186413512083,0.00010933872123329897,0.00010263520020294924,9.588856971259724e-05,0.09285714285714286,142852.11558593687,0.010073260073260074
CNNDM,0.17676767676767677,1.0,0.09695290858725762,0.1670886075949367,0.9565217391304348,0.09153952843273232,0.1691919191919192,0.9571428571428572,0.09279778393351801,0.00011273437270470386,0.00011246531692259239,0.00011057677705485307,0.00010786814078939291,0.15835777126099707,32575.128535764932,0.012343379272757013
CNNDM,0.15384615384615383,0.9814814814814815,0.08346456692913386,0.1455604075691412,0.9433962264150944,0.07886435331230283,0.15384615384615383,0.9814814814814815,0.08346456692913386,2.4370191383079732e-05,2.4210909086458296e-05,2.4050582315760656e-05,2.36487054539754e-05,0.12968299711815562,221392.4743955538,0.010276442307692308
CNNDM,0.228287841191067,1.0,0.12885154061624648,0.20448877805486285,0.9111111111111111,0.1151685393258427,0.21339950372208438,0.9347826086956522,0.12044817927170869,0.0016089992821110759,0.0015974652370780217,0.0015800604461018838,0.0015392953420918236,0.16591928251121077,2485.3824203555578,0.01135145098912762
CNNDM,0.06580259222333,0.868421052631579,0.03419689119170984,0.03596403596403596,0.4864864864864865,0.01867219917012448,0.05982053838484546,0.7894736842105263,0.031088082901554404,5.751660838112339e-11,5.574296847509756e-11,5.1917646503314915e-11,4.703580418722979e-11,0.04265402843601896,128468216518.7559,0.014716469004196833
CNNDM,0.28199566160520606,1.0,0.16414141414141414,0.2788671023965142,1.0,0.1620253164556962,0.28199566160520606,1.0,0.16414141414141414,0.008432384605001998,0.008409532614202533,0.008317814161999252,0.00822559588171857,0.23645320197044334,416.23499808144635,0.010565090673575129
CNNDM,0.17065556711758587,0.9647058823529412,0.09360730593607305,0.14807090719499477,0.8452380952380952,0.08114285714285714,0.145681581685744,0.8235294117647058,0.07990867579908675,5.1350970485735334e-05,5.092125525154508e-05,4.952085204075106e-05,4.7467283642276365e-05,0.1291866028708134,28621.250973032526,0.011967795310912853
CNNDM,0.12030075187969923,0.8163265306122449,0.06493506493506493,0.07541478129713423,0.5208333333333334,0.04065040650406504,0.10526315789473685,0.7142857142857143,0.056818181818181816,2.1170822997192804e-05,2.0878811645507384e-05,1.8387116167112088e-05,1.595162704996819e-05,0.07961783439490445,461645.79175100685,0.007427718579709139
CNNDM,0.11015911872705018,1.0,0.05829015544041451,0.10552147239263804,0.9772727272727273,0.055771725032425425,0.09057527539779682,0.8222222222222222,0.04792746113989637,5.24215276038086e-08,5.24215276038086e-08,5.196766156394878e-08,5.1737768548106744e-08,0.08673469387755102,27683957.073769517,0.0073148073234013695
CNNDM,0.0616365568544102,0.8923076923076924,0.031920748486516236,0.03404255319148936,0.5,0.01762114537444934,0.04250797024442084,0.6153846153846154,0.02201430930104568,6.815968888210986e-14,6.689747242133005e-14,6.140702620648287e-14,5.3765717316943803e-14,0.03851444291609354,978586479950.1117,0.010558149405772497
CNNDM,0.10905349794238682,0.9298245614035088,0.05792349726775956,0.07835051546391751,0.6785714285714286,0.04157549234135667,0.0823045267489712,0.7017543859649122,0.04371584699453552,6.446223296989559e-07,6.446223296989559e-07,6.068204029573504e-07,5.548142651898133e-07,0.06987951807228916,8139836.906767782,0.008869914983760458
CNNDM,0.20028612303290413,1.0,0.11128775834658187,0.1807747489239598,0.9130434782608695,0.10031847133757962,0.1917024320457797,0.9571428571428572,0.10651828298887123,0.0003421716590418395,0.00034132259785315004,0.0003379157926358465,0.0003336386999634894,0.16314199395770393,5917.765964026711,0.013854973237085016
CNNDM,0.08181818181818183,0.984375,0.042682926829268296,0.07282184655396619,0.8888888888888888,0.03796610169491525,0.07532467532467532,0.90625,0.03929539295392954,2.203518663933593e-10,2.1972408329822154e-10,2.1783355934886376e-10,2.11512536509385e-10,0.06942148760330578,8205947227.659366,0.014833590006844626
CNNDM,0.186046511627907,0.8421052631578947,0.10457516339869281,0.13618677042801555,0.625,0.07641921397379912,0.1434108527131783,0.6491228070175439,0.08061002178649238,0.0021437353530881836,0.0021083990560592574,0.0019075110717561524,0.0017410447342760386,0.13970588235294118,3845.0637221969732,0.006487785342410893
CNNDM,0.08786610878661089,1.0,0.045951859956236324,0.08176100628930817,0.9512195121951219,0.04271631982475356,0.08786610878661089,1.0,0.045951859956236324,1.560231900526861e-09,1.560231900526861e-09,1.5478980515108384e-09,1.5354663148042122e-09,0.08441558441558442,5348061522.75056,0.010168282567770014
CNNDM,0.3423913043478261,0.9130434782608695,0.21070234113712374,0.26229508196721313,0.7058823529411765,0.1610738255033557,0.2554347826086957,0.6811594202898551,0.15719063545150502,0.042234222723033094,0.041472265096586615,0.0383054578185649,0.03566931763655127,0.22699386503067484,80.74567076321365,0.014110106662840197
CNNDM,0.0905587668593449,1.0,0.04742684157416751,0.08687258687258687,0.9782608695652174,0.045454545454545456,0.0905587668593449,1.0,0.04742684157416751,1.225749600097239e-09,1.225749600097239e-09,1.225749600097239e-09,1.2213084783577562e-09,0.09352517985611511,2174359553.5764885,0.011364135930012748
CNNDM,0.0672,1.0,0.0347682119205298,0.05778491171749599,0.9,0.029850746268656716,0.0608,0.9047619047619048,0.03145695364238411,2.7179381912518568e-12,2.673013593049347e-12,2.6273402515434614e-12,2.5808992908526034e-12,0.04857142857142857,1835054391417.48,0.008512005139323858
CNNDM,0.244131455399061,1.0,0.13903743315508021,0.22641509433962265,0.9411764705882353,0.128686327077748,0.23474178403755872,0.9615384615384616,0.13368983957219252,0.0020403562123274817,0.0020403562123274817,0.0020127838310798132,0.0019919409801705586,0.17989417989417988,1965.1686219784347,0.02009270231839766
CNNDM,0.39490445859872614,0.8857142857142857,0.2540983606557377,0.34615384615384615,0.782608695652174,0.2222222222222222,0.36305732484076436,0.8142857142857143,0.2336065573770492,0.10557998475223593,0.10069095085884422,0.09455453514471747,0.088880764043573,0.3026315789473684,35.86314422611045,0.010678871090770405
CNNDM,0.15330188679245282,0.9285714285714286,0.08354755784061697,0.12293144208037826,0.7536231884057971,0.06692406692406692,0.1367924528301887,0.8285714285714286,0.07455012853470437,8.550120193532594e-06,8.550120193532594e-06,8.201135695837386e-06,7.70010824446795e-06,0.0975609756097561,71247.35990491394,0.007470570401856865
CNNDM,0.1525704809286899,1.0,0.08258527827648116,0.129783693843594,0.8666666666666667,0.07014388489208633,0.13598673300165837,0.8913043478260869,0.07360861759425494,1.5166392899382291e-05,1.5166392899382291e-05,1.4839060678532314e-05,1.4454612727209115e-05,0.10574018126888217,326986.58304841927,0.011798279240139705
CNNDM,0.07333994053518333,0.925,0.038183694530443756,0.05362462760675273,0.6923076923076923,0.027892561983471075,0.06937561942517344,0.875,0.03611971104231166,3.8503535664600017e-10,3.834376995644815e-10,3.722008447578002e-10,3.4475969172487043e-10,0.053418803418803416,66538903698.799774,0.009542202988792573
CNNDM,0.3119266055045872,0.864406779661017,0.19029850746268656,0.20923076923076925,0.5862068965517241,0.12734082397003746,0.24464831804281345,0.6779661016949152,0.14925373134328357,0.026002909905143735,0.025136146241638943,0.02141881028660776,0.018313024963683543,0.15760869565217392,100.8904311340583,0.011206724034420652
CNNDM,0.3341772151898734,1.0,0.2006079027355623,0.3206106870229008,0.9692307692307692,0.19207317073170732,0.3291139240506329,0.9848484848484849,0.19756838905775076,0.015282322727690867,0.015239634675378881,0.015111092220938028,0.014853043999384944,0.26903553299492383,152.91018857615916,0.011869436201780416
CNNDM,0.10492845786963435,0.8918918918918919,0.05574324324324324,0.08293460925039874,0.7222222222222222,0.043993231810490696,0.09856915739268679,0.8378378378378378,0.052364864864864864,2.544493495119006e-06,2.5220750502280898e-06,2.398128825045789e-06,2.1939188357914986e-06,0.0529595015576324,6424797.531716223,0.008667287977632806
CNNDM,0.03806734992679355,1.0,0.019402985074626865,0.035242290748898675,1.0,0.017937219730941704,0.03806734992679355,1.0,0.019402985074626865,5.0948968185365005e-24,5.0948968185365005e-24,5.0948968185365005e-24,5.0948968185365005e-24,0.03519061583577713,7.079544204965912e+23,0.010653781525392666
Gigaword,0.7796610169491525,1.0,0.6388888888888888,0.7719298245614035,1.0,0.6285714285714286,0.7796610169491525,1.0,0.6388888888888888,0.5460222564160362,0.539021971077369,0.5354540837112096,0.5318398601454898,0.5277777777777778,5.450199284189919,0.03121516164994426
Gigaword,0.5714285714285715,1.0,0.4,0.5384615384615384,1.0,0.3684210526315789,0.5714285714285715,1.0,0.4,0.1988141887380742,0.19101755388560068,0.18688533741378974,0.18258445904517018,0.30434782608695654,25.083800069814448,0.034482758620689655
Gigaword,1.0,1.0,1.0,1.0,1.0,1.0,1.0,1.0,1.0,0.9887641638186618,0.9775282074116316,0.9718139210103419,0.9660339531561639,0.8064516129032258,2.9272811997550834,0.033205619412515965
Gigaword,0.8571428571428571,1.0,0.75,0.85,1.0,0.7391304347826086,0.8571428571428571,1.0,0.75,0.7030122567645821,0.6894927902883401,0.6825361716160991,0.6754431486561672,0.56,4.351794267285522,0.04470588235294118
Gigaword,0.9259259259259259,0.9615384615384616,0.8928571428571429,0.8846153846153846,0.92,0.8518518518518519,0.9259259259259259,0.9615384615384616,0.8928571428571429,0.9170183017295223,0.8895739328129668,0.8837673972977445,0.8778929490864377,0.7419354838709677,3.1703631948880653,0.03461538461538462
Gigaword,1.0,1.0,1.0,1.0,1.0,1.0,1.0,1.0,1.0,0.9893049153303822,0.9786097270565403,0.9731749438847782,0.9676807641756198,0.7931034482758621,2.935632923626452,0.038461538461538464
Gigaword,0.9333333333333333,0.9655172413793104,0.9032258064516129,0.896551724137931,0.9285714285714286,0.8666666666666667,0.9333333333333333,0.9655172413793104,0.9032258064516129,0.8910098775116811,0.8711830651217658,0.8660681645500281,0.860896114251232,0.8,3.014543098357587,0.03771551724137931
Gigaword,0.5238095238095238,1.0,0.3548387096774194,0.5,1.0,0.3333333333333333,0.5238095238095238,1.0,0.3548387096774194,0.14709646739297685,0.14502468616208986,0.1449950892873629,0.1449646345322091,0.36363636363636365,13.67247401059599,0.029411764705882353
Gigaword,0.8750000000000001,1.0,0.7777777777777778,0.8695652173913044,1.0,0.7692307692307693,0.8750000000000001,1.0,0.7777777777777778,0.7269006144126069,0.7142588645967355,0.707771650875433,0.7011696192121606,0.6071428571428571,4.172733883598096,0.04126984126984127
Gigaword,0.7777777777777777,0.84,0.7241379310344828,0.6923076923076924,0.75,0.6428571428571429,0.5185185185185185,0.56,0.4827586206896552,0.8179924620650847,0.7030060931119356,0.6619157394181835,0.6405243479446059,0.5,3.5966397255692817,0.0275
Gigaword,0.8518518518518519,1.0,0.7419354838709677,0.846153846153846,1.0,0.7333333333333333,0.8518518518518519,1.0,0.7419354838709677,0.7304441069730735,0.7257315643474408,0.7257009634213003,0.7256699624830534,0.6774193548387096,4.298788906309526,0.03571428571428571
Gigaword,0.7647058823529411,0.896551724137931,0.6666666666666666,0.7272727272727273,0.8571428571428571,0.631578947368421,0.7647058823529411,0.896551724137931,0.6666666666666666,0.6405047189232678,0.6066940549853737,0.5869345895849093,0.5815409017936085,0.5526315789473685,4.085350014099109,0.026394018304613454
Gigaword,1.0,1.0,1.0,1.0,1.0,1.0,1.0,1.0,1.0,0.9828084500256012,0.9656664421763175,0.954071360843566,0.942339866789253,0.7777777777777778,2.9769791874949707,0.026936026936026935
Gigaword,0.8727272727272727,1.0,0.7741935483870968,0.8301886792452831,0.9565217391304348,0.7333333333333333,0.8727272727272727,1.0,0.7741935483870968,0.6627565719162645,0.6532886208888893,0.6436844403503288,0.6339410687894704,0.59375,4.198732141709943,0.03557312252964427
Gigaword,0.923076923076923,1.0,0.8571428571428571,0.9166666666666666,1.0,0.8461538461538461,0.923076923076923,1.0,0.8571428571428571,0.7896929253995968,0.7563256186925715,0.7332862878710542,0.7095791503590579,0.47368421052631576,4.123352997269821,0.05392156862745098
Gigaword,0.5116279069767442,1.0,0.34375,0.4390243902439024,0.9,0.2903225806451613,0.5116279069767442,1.0,0.34375,0.16044770195267458,0.15699721373863856,0.1552157116716091,0.15339505571299658,0.2564102564102564,30.46768661252054,0.022357723577235773
Gigaword,0.8292682926829268,1.0,0.7083333333333334,0.8205128205128205,1.0,0.6956521739130435,0.8292682926829268,1.0,0.7083333333333334,0.6572815213020472,0.6513600661551819,0.6513062347447559,0.6512514156020285,0.6153846153846154,4.4816890703380645,0.0411522633744856
Gigaword,0.9523809523809523,0.9375,0.967741935483871,0.9180327868852459,0.9032258064516129,0.9333333333333333,0.9523809523809523,0.9375,0.967741935483871,0.9395028698292263,0.9005525891335718,0.8833882690883913,0.8660300019240564,0.6388888888888888,2.899435691826718,0.03128054740957967
Gigaword,1.0,1.0,1.0,1.0,1.0,1.0,1.0,1.0,1.0,0.9945799591042139,0.98914509593971,0.9891152340541908,0.9890850422030857,0.8846153846153846,2.817117744102729,0.050492610837438424
Gigaword,0.8292682926829268,1.0,0.7083333333333334,0.7692307692307693,0.9375,0.6521739130434783,0.8292682926829268,1.0,0.7083333333333334,0.5516576710604328,0.5420636246072079,0.5323012615495405,0.5223661133050116,0.5714285714285714,4.4816890703380645,0.03292181069958848
Gigaword,0.923076923076923,1.0,0.8571428571428571,0.9206349206349206,1.0,0.8529411764705882,0.923076923076923,1.0,0.8571428571428571,0.7765660621304088,0.7720772409620249,0.7720511431645343,0.7720247401296462,0.7567567567567568,3.406912485290392,0.027164685908319185
Gigaword,1.0,1.0,1.0,1.0,1.0,1.0,1.0,1.0,1.0,0.9849626915252324,0.9699632596745943,0.9598360922516296,0.9496050564448395,0.75,3.025701172372359,0.03225806451612903
Gigaword,1.0,1.0,1.0,1.0,1.0,1.0,1.0,1.0,1.0,0.981424687747777,0.9629072408091397,0.9503669444646196,0.93766689912208,0.7419354838709677,3.0507413156095278,0.033156498673740056
Gigaword,0.9615384615384616,0.9615384615384616,0.9615384615384616,0.92,0.92,0.92,0.9615384615384616,0.9615384615384616,0.9615384615384616,0.9701515036966302,0.9583203877978907,0.9522959545488394,0.9402085560516724,0.7037037037037037,2.944679551065524,0.044444444444444446
Gigaword,0.33333333333333337,0.25925925925925924,0.4666666666666667,0.25,0.19230769230769232,0.35714285714285715,0.33333333333333337,0.25925925925925924,0.4666666666666667,0.30061349693251527,0.24691358024691357,0.24223602484472048,0.2375,0.4444444444444444,1.3956124250860895,0.032552083333333336
Gigaword,1.0,1.0,1.0,1.0,1.0,1.0,1.0,1.0,1.0,0.9801986733067553,0.9601946187494745,0.9597778676128644,0.9593433823853349,0.75,3.0041660239464334,0.08181818181818182
Gigaword,0.7058823529411764,1.0,0.5454545454545454,0.6875000000000001,1.0,0.5238095238095238,0.7058823529411764,1.0,0.5454545454545454,0.48698975400647354,0.47496531563594335,0.4687276382312308,0.4623320449428546,0.34615384615384615,8.862405082778215,0.041666666666666664
Gigaword,0.8275862068965517,0.96,0.7272727272727273,0.7142857142857143,0.8333333333333334,0.625,0.793103448275862,0.92,0.696969696969697,0.7137473226316406,0.6927310631061169,0.671467553468528,0.6457043497311884,0.48717948717948717,4.220695816996552,0.027777777777777776
Gigaword,0.9600000000000001,1.0,0.9230769230769231,0.9315068493150684,0.9714285714285714,0.8947368421052632,0.9600000000000001,1.0,0.9230769230769231,0.894037086044713,0.8796029458997031,0.868671867513324,0.8576522783707798,0.7045454545454546,3.3743955642658516,0.021621621621621623
Gigaword,0.6111111111111112,1.0,0.44,0.5882352941176471,1.0,0.4166666666666667,0.6111111111111112,1.0,0.44,0.24955905423103703,0.2457778564396577,0.24571968416594417,0.24565969400867707,0.35714285714285715,13.962339040785402,0.034482758620689655
Gigaword,1.0,1.0,1.0,1.0,1.0,1.0,1.0,1.0,1.0,0.976064857431347,0.9600003356850051,0.9517380377139456,0.9433391728342736,0.7037037037037037,2.9769791874949707,0.03787878787878788
Gigaword,1.0,1.0,1.0,1.0,1.0,1.0,1.0,1.0,1.0,0.9950860049987149,0.9901598366571371,0.9901353283569303,0.9901105749737213,0.918918918918919,2.7948481550469655,0.02702702702702703
Gigaword,0.9189189189189189,1.0,0.85,0.9142857142857143,1.0,0.8421052631578947,0.9189189189189189,1.0,0.85,0.8268907930373276,0.8131092798200388,0.8060448066582353,0.7988605966631809,0.64,3.7936678946831774,0.037037037037037035
Gigaword,0.8372093023255813,1.0,0.72,0.8292682926829268,1.0,0.7083333333333334,0.8372093023255813,1.0,0.72,0.6425518967598274,0.6363135288301203,0.6362523683602213,0.6361899967919082,0.6153846153846154,4.615461046534315,0.038461538461538464
Gigaword,0.8518518518518519,1.0,0.7419354838709677,0.846153846153846,1.0,0.7333333333333333,0.8518518518518519,1.0,0.7419354838709677,0.6514184321813135,0.6461237031645437,0.6460389767413645,0.6459528726527678,0.59375,4.2825364156626256,0.03598363085932425
Gigaword,0.7777777777777777,0.875,0.7,0.6250000000000001,0.7142857142857143,0.5555555555555556,0.7777777777777777,0.875,0.7,0.8364643072929833,0.8060474233914202,0.7899940679989286,0.773334925610494,0.4166666666666667,4.172733883598096,0.08571428571428572
Gigaword,0.8070175438596492,0.8846153846153846,0.7419354838709677,0.7272727272727272,0.8,0.6666666666666666,0.8070175438596492,0.8846153846153846,0.7419354838709677,0.8153768527223353,0.7647313773515165,0.7247109523298754,0.7069391776742165,0.5757575757575758,3.347900166492527,0.03188090806376635
Gigaword,0.888888888888889,1.0,0.8,0.8837209302325582,1.0,0.7916666666666666,0.888888888888889,1.0,0.8,0.7421190425087646,0.7289841921988749,0.7222408538701369,0.7153760139498903,0.5714285714285714,4.239496212782251,0.03418803418803419
Gigaword,1.0,1.0,1.0,1.0,1.0,1.0,1.0,1.0,1.0,0.9938080693803777,0.9875967689467503,0.9875577041641489,0.9875181448906284,0.8571428571428571,2.844691271310184,0.05928853754940711
Gigaword,0.7777777777777778,1.0,0.6363636363636364,0.7714285714285715,1.0,0.627906976744186,0.7777777777777778,1.0,0.6363636363636364,0.5673125345545486,0.5581623323843139,0.5550463175912069,0.551896433072088,0.5681818181818182,5.552707875605837,0.022383010970374685
Gigaword,0.5416666666666667,0.5909090909090909,0.5,0.5217391304347826,0.5714285714285714,0.48,0.5416666666666667,0.5909090909090909,0.5,0.8016101741856599,0.614539313706725,0.5279368628119558,0.4950892169248552,0.42857142857142855,3.5705772333219383,0.03571428571428571
Gigaword,1.0,1.0,1.0,1.0,1.0,1.0,1.0,1.0,1.0,0.982609137827942,0.9650625460810144,0.9647435171401613,0.9644126723126097,0.7,3.080216848918031,0.1111111111111111
Gigaword,0.8085106382978724,1.0,0.6785714285714286,0.8,1.0,0.6666666666666666,0.8085106382978724,1.0,0.6785714285714286,0.5688704425005227,0.5639663869617251,0.5639237430005182,0.5638803508996408,0.5806451612903226,4.849848020218827,0.031578947368421054
Gigaword,0.7083333333333333,1.0,0.5483870967741935,0.6956521739130436,1.0,0.5333333333333333,0.7083333333333333,1.0,0.5483870967741935,0.5213278592348675,0.5116736396194069,0.5067111902843572,0.5016551098297781,0.41935483870967744,7.38905609893065,0.04325259515570934
Gigaword,0.9803921568627451,1.0,0.9615384615384616,0.9387755102040817,0.9583333333333334,0.92,0.9803921568627451,1.0,0.9615384615384616,0.9335600409171109,0.92768859411889,0.9217428252092994,0.9157213140206055,0.84,2.9545115270921065,0.04487179487179487
Gigaword,0.7777777777777778,1.0,0.6363636363636364,0.7307692307692308,0.95,0.59375,0.7777777777777778,1.0,0.6363636363636364,0.550338232151649,0.5387926748337822,0.5270845040325652,0.5152102598866501,0.5588235294117647,6.160647084304639,0.029545454545454545
Gigaword,0.9777777777777777,1.0,0.9565217391304348,0.9302325581395349,0.9523809523809523,0.9090909090909091,0.9777777777777777,1.0,0.9565217391304348,0.8869204367171574,0.8726152683830097,0.8580774956857051,0.8433013988458217,0.64,3.4903429574618414,0.05
Gigaword,0.9387755102040816,1.0,0.8846153846153846,0.8936170212765958,0.9545454545454546,0.84,0.9387755102040816,1.0,0.8846153846153846,0.8416308400672835,0.8357861814557052,0.8298597793670418,0.8238499068264254,0.75,3.37836310709448,0.037267080745341616
Gigaword,0.8979591836734693,1.0,0.8148148148148148,0.8936170212765957,1.0,0.8076923076923077,0.8979591836734693,1.0,0.8148148148148148,0.7878155604501209,0.781613779402169,0.7815176162895457,0.7814199387971961,0.6551724137931034,3.617250785229937,0.031746031746031744
Gigaword,0.9275362318840579,0.9411764705882353,0.9142857142857143,0.8358208955223881,0.8484848484848485,0.8235294117647058,0.9275362318840579,0.9411764705882353,0.9142857142857143,0.9249928058282474,0.9017585489654337,0.8875906481835485,0.8686131987382086,0.7058823529411765,2.9769791874949707,0.03872053872053872
Gigaword,0.735294117647059,0.7352941176470589,0.7352941176470589,0.6363636363636364,0.6363636363636364,0.6363636363636364,0.6470588235294118,0.6470588235294118,0.6470588235294118,0.902306512455233,0.7491694974290776,0.7071036094873897,0.6800358437177874,0.5365853658536586,2.961554459463227,0.02406015037593985
Gigaword,0.9444444444444444,0.8947368421052632,1.0,0.9411764705882353,0.8888888888888888,1.0,0.9444444444444444,0.8947368421052632,1.0,0.896551724137931,0.875,0.8671328671328671,0.8591549295774648,0.7727272727272727,2.5918734458148744,0.04285714285714286
Gigaword,0.6,0.6136363636363636,0.5869565217391305,0.47727272727272724,0.4883720930232558,0.4666666666666667,0.5777777777777778,0.5909090909090909,0.5652173913043478,0.8864468864468864,0.6948529411764706,0.5719557195571956,0.5259259259259259,0.475,3.0454125111741237,0.03525046382189239
Gigaword,0.9583333333333334,1.0,0.92,0.8695652173913043,0.9090909090909091,0.8333333333333334,0.9583333333333334,1.0,0.92,0.9190297739531419,0.9068985338253481,0.9006934385939116,0.8882800871044304,0.7037037037037037,3.23462513544557,0.033816425120772944
Gigaword,0.7857142857142858,1.0,0.6470588235294118,0.7777777777777778,1.0,0.6363636363636364,0.7857142857142858,1.0,0.6470588235294118,0.5380959925838383,0.5228308580424528,0.5111911929546464,0.49938405067133196,0.4722222222222222,5.823519254527235,0.03088803088803089
Gigaword,0.8727272727272727,1.0,0.7741935483870968,0.8679245283018869,1.0,0.7666666666666667,0.8727272727272727,1.0,0.7741935483870968,0.7242775199742143,0.719574419195161,0.7195436799743828,0.7195125362901734,0.6764705882352942,3.896193301795215,0.02823529411764706
Gigaword,0.9491525423728813,1.0,0.9032258064516129,0.9473684210526316,1.0,0.9,0.9491525423728813,1.0,0.9032258064516129,0.8700187582760454,0.8644772375226948,0.864441714953763,0.8644057340291031,0.8125,3.1357147635698226,0.03236607142857143
Gigaword,0.5588235294117648,0.59375,0.5277777777777778,0.5151515151515151,0.5483870967741935,0.4857142857142857,0.5588235294117648,0.59375,0.5277777777777778,0.8848162820737113,0.7306362079706739,0.6215651568286402,0.5813959800267893,0.4146341463414634,3.382956394092469,0.02564102564102564
Gigaword,0.9333333333333333,1.0,0.875,0.9302325581395349,1.0,0.8695652173913043,0.9333333333333333,1.0,0.875,0.8048862921196247,0.7923099438052555,0.7858732301010509,0.7793343463380493,0.6666666666666666,3.617250785229937,0.03350970017636684
Gigaword,0.9130434782608696,1.0,0.84,0.9090909090909091,1.0,0.8333333333333334,0.9130434782608696,1.0,0.84,0.8332763516874306,0.8280024507273835,0.8279688590015234,0.8279348366125112,0.7142857142857143,3.617250785229937,0.037037037037037035
Reddit,0.4748201438848921,0.7857142857142857,0.3402061855670103,0.3043478260869565,0.5060240963855421,0.21761658031088082,0.41007194244604317,0.6785714285714286,0.29381443298969073,0.2165356673160071,0.2045963573386834,0.17464308846341275,0.15108408021796968,0.29464285714285715,9.832707078469747,0.02554563492063492
Reddit,0.7717391304347826,1.0,0.6283185840707964,0.7692307692307693,1.0,0.625,0.7717391304347826,1.0,0.6283185840707964,0.5536178376822378,0.5536178376822378,0.5490675540848496,0.5429713408037332,0.7066666666666667,4.677936729051819,0.019841291625079877
Reddit,0.27331887201735355,0.9545454545454546,0.15949367088607594,0.23093681917211326,0.8153846153846154,0.13451776649746192,0.2603036876355748,0.9090909090909091,0.1518987341772152,0.004377871373320726,0.004324155160151146,0.004081523157280554,0.0037833456312648247,0.18811881188118812,397.36231027738137,0.01169927119294208
Reddit,0.22661870503597123,0.863013698630137,0.13043478260869565,0.17328519855595664,0.6666666666666666,0.0995850622406639,0.20863309352517986,0.7945205479452054,0.12008281573498965,0.003283813104313592,0.003162190396746422,0.0029648141170374146,0.0026157594355277324,0.15853658536585366,1182.9393275906843,0.00683707759308716
Reddit,0.3008849557522124,0.8831168831168831,0.18133333333333335,0.27555555555555555,0.8157894736842105,0.1657754010695187,0.29646017699115046,0.8701298701298701,0.17866666666666667,0.016121456914653755,0.015742623723447792,0.014770968377300561,0.01379421247815518,0.2604166666666667,120.567262498701,0.012599866258402844
Reddit,0.10131004366812227,0.8923076923076924,0.053703703703703705,0.0647419072615923,0.578125,0.03429101019462465,0.07685589519650655,0.676923076923077,0.040740740740740744,2.204304490073202e-07,2.191815512792334e-07,2.0289620874537426e-07,1.7395793269238661e-07,0.0611439842209073,13979814.140351746,0.005706614405786149
Reddit,0.04980842911877395,1.0,0.025540275049115914,0.046153846153846156,1.0,0.023622047244094488,0.04980842911877395,1.0,0.025540275049115914,8.402774639335584e-17,8.402774639335584e-17,8.402774639335584e-17,8.402774639335584e-17,0.04059040590405904,2.9497352930972964e+16,0.013730691215478234
Reddit,0.358974358974359,0.5645161290322581,0.2631578947368421,0.17616580310880828,0.2786885245901639,0.12878787878787878,0.3076923076923077,0.4838709677419355,0.22556390977443608,0.20747512961607514,0.155802386704607,0.10121178062140711,0.08229846808104314,0.13253012048192772,11.190826046061526,0.01650943396226415
Reddit,0.2896281800391389,0.9866666666666667,0.16972477064220184,0.2671905697445972,0.918918918918919,0.15632183908045977,0.2857142857142857,0.9733333333333334,0.16743119266055045,0.005434956150742854,0.00543491127232306,0.005340619901678981,0.005167017976279283,0.248868778280543,351.7827151983622,0.011031989718410339
Reddit,0.20345489443378117,0.8983050847457628,0.11471861471861472,0.1695568400770713,0.7586206896551724,0.09544468546637744,0.19193857965451055,0.847457627118644,0.10822510822510822,0.0020961623492419985,0.002071428870194895,0.001922515764097691,0.0017291784364666931,0.13405797101449277,2382.3962049250467,0.01268160462659323
Reddit,0.28070175438596495,0.7887323943661971,0.17073170731707318,0.21662468513853905,0.6142857142857143,0.13149847094801223,0.23057644110275693,0.647887323943662,0.1402439024390244,0.026602743030195584,0.024819318916439456,0.020939413981750584,0.01860697475988399,0.18877551020408162,83.97805842999703,0.011929641239986067
Reddit,0.26175869120654394,0.9014084507042254,0.15311004784688995,0.21765913757700203,0.7571428571428571,0.12709832134292565,0.21267893660531698,0.7323943661971831,0.12440191387559808,0.005826441529860628,0.005673561139864286,0.005417568440045847,0.005040469945187347,0.1724137931034483,295.9352987333288,0.01621112815506903
Reddit,0.3740648379052369,0.9615384615384616,0.23219814241486067,0.32080200501253137,0.8311688311688312,0.19875776397515527,0.3491271820448878,0.8974358974358975,0.21671826625386997,0.049435217764199575,0.04861520230365598,0.046264788121364926,0.04460939888721819,0.26063829787234044,59.083244216645525,0.01031409168081494
Reddit,0.5191489361702127,0.8714285714285714,0.3696969696969697,0.4120171673819742,0.6956521739130435,0.2926829268292683,0.4680851063829786,0.7857142857142857,0.3333333333333333,0.21685452791262042,0.20836323615700575,0.18737279451060254,0.17019794766475357,0.40350877192982454,10.672251538271913,0.009773474607234198
Reddit,0.25625000000000003,0.5774647887323944,0.1646586345381526,0.12578616352201258,0.2857142857142857,0.08064516129032258,0.18749999999999997,0.4225352112676056,0.12048192771084337,0.12585679888130105,0.10418690663315525,0.06486093276492616,0.046225484095221474,0.12738853503184713,31.969704896606036,0.009561433642505439
Reddit,0.15250544662309368,0.9210526315789473,0.0831353919239905,0.10503282275711158,0.6486486486486487,0.05714285714285714,0.11764705882352942,0.7105263157894737,0.06413301662707839,2.4459371823378457e-05,2.4174960523106615e-05,2.2313812891503152e-05,1.913586148534903e-05,0.0990990990990991,56804.36333589011,0.010311234817813765
Reddit,0.37305699481865284,0.9,0.23529411764705882,0.265625,0.6455696202531646,0.16721311475409836,0.2849740932642487,0.6875,0.17973856209150327,0.06062606862775322,0.05909123144730377,0.054471137802600614,0.04874767859127231,0.23125,46.21633621589248,0.016502795639694028
Reddit,0.23896103896103896,0.6301369863013698,0.14743589743589744,0.12532637075718017,0.3333333333333333,0.07717041800643087,0.1922077922077922,0.5068493150684932,0.11858974358974358,0.017463905906237646,0.016129085072639864,0.011438021440187594,0.008452082666159886,0.1,85.56491796796904,0.010810555634234999
Reddit,0.22801302931596087,0.9333333333333333,0.12987012987012986,0.19607843137254902,0.8108108108108109,0.11152416356877323,0.19869706840390883,0.8133333333333334,0.11317254174397032,0.0022720534790055874,0.0022660427555161546,0.0021635734720504133,0.0020001321849756636,0.16853932584269662,1274.9789294148693,0.009429230202365474
Reddit,0.26487523992322454,0.8961038961038961,0.1554054054054054,0.15028901734104044,0.5131578947368421,0.08803611738148984,0.2072936660268714,0.7012987012987013,0.12162162162162163,0.00394979772954296,0.003927291759574054,0.003543532820218541,0.003089669857206957,0.12648221343873517,331.1699139782719,0.013903807136889844
Reddit,0.21205821205821207,0.8947368421052632,0.12028301886792453,0.17954070981210854,0.7678571428571429,0.1016548463356974,0.20790020790020788,0.8771929824561403,0.1179245283018868,0.0009733346402039639,0.000941480051979107,0.0009022883161014847,0.0008592441329273088,0.15510204081632653,2422.251673590186,0.005345150532230801
Reddit,0.26666666666666666,0.7936507936507936,0.16025641025641027,0.20375335120643434,0.6129032258064516,0.12218649517684887,0.20266666666666666,0.6031746031746031,0.12179487179487179,0.009334355933340878,0.008952287933128151,0.007731556316742617,0.006676561336518428,0.18032786885245902,249.26548131765003,0.006587124036788466
Reddit,0.5111111111111111,0.647887323943662,0.42201834862385323,0.4943820224719101,0.6285714285714286,0.4074074074074074,0.5111111111111111,0.647887323943662,0.42201834862385323,0.6334353086702909,0.4536413346682623,0.4075322743781913,0.3958385712545427,0.5522388059701493,4.647046628023419,0.01654830325039664
Reddit,0.24953445065176913,1.0,0.1425531914893617,0.2467289719626168,1.0,0.14072494669509594,0.24953445065176913,1.0,0.1425531914893617,0.0016361904830704767,0.0016361904830704767,0.0016159280622274985,0.0015548890926073474,0.210727969348659,1016.623808267618,0.007161328824348518
Reddit,0.17683686176836863,0.922077922077922,0.09779614325068871,0.149812734082397,0.7894736842105263,0.08275862068965517,0.14196762141967623,0.7402597402597403,0.07851239669421488,9.031972380098359e-05,9.031972380098359e-05,8.73090663409508e-05,8.025624482594363e-05,0.12605042016806722,12184.19302371139,0.012080780464392104
Reddit,0.3227272727272727,1.0,0.19241192411924118,0.319634703196347,1.0,0.19021739130434784,0.3227272727272727,1.0,0.19241192411924118,0.008293486208330118,0.008293486208330118,0.008293486208330118,0.008268655411299189,0.23076923076923078,178.23423132195424,0.016840171463563994
Reddit,0.24609374999999997,0.9692307692307692,0.14093959731543623,0.2392156862745098,0.953125,0.1367713004484305,0.24609374999999997,0.9692307692307692,0.14093959731543623,0.0039051519355506647,0.0038939627517514306,0.0038267628051227606,0.0037479563323685947,0.19183673469387755,1011.6670954962611,0.00860966989999248
Reddit,0.2479061976549414,0.9866666666666667,0.1417624521072797,0.2420168067226891,0.972972972972973,0.1381957773512476,0.2445561139028475,0.9733333333333334,0.13984674329501914,0.0024721333496920367,0.0024655056463416558,0.0024521967904203266,0.002452143053063799,0.2396694214876033,1159.2813375987714,0.009560480465515228
Reddit,0.19648093841642228,0.9436619718309859,0.10965630114566285,0.15294117647058822,0.7428571428571429,0.08524590163934426,0.1583577712609971,0.7605633802816901,0.088379705400982,0.0005935562740889068,0.000591874811556077,0.0005648902040334766,0.0005191503593883031,0.13074204946996468,5057.216077540433,0.006993579402875874
Reddit,0.13172043010752688,0.7205882352941176,0.07248520710059171,0.05929919137466307,0.3283582089552239,0.03259259259259259,0.09946236559139784,0.5441176470588235,0.05473372781065089,2.9029297801347743e-05,2.8034524356441743e-05,2.1771973351010806e-05,1.3286136297795519e-05,0.049132947976878616,13867.641184438637,0.0052554130754677315
Reddit,0.2147117296222664,0.8709677419354839,0.12244897959183673,0.16367265469061876,0.6721311475409836,0.09318181818181819,0.18290258449304175,0.7419354838709677,0.10430839002267574,0.0014905783718856755,0.001449458968523312,0.001320373921116723,0.001164514353035684,0.12863070539419086,2515.4039331635804,0.0064560127301659465
Reddit,0.14882506527415143,0.75,0.08260869565217391,0.09947643979057591,0.5066666666666667,0.055152394775036286,0.12010443864229765,0.6052631578947368,0.06666666666666667,0.0004007531330841645,0.0003841845280987727,0.00031873370947367493,0.0002571065555111393,0.10153846153846154,10657.003948619255,0.00884920699582701
Reddit,0.5568181818181818,0.7,0.46226415094339623,0.4137931034482759,0.5217391304347826,0.34285714285714286,0.4772727272727273,0.6,0.39622641509433965,0.5801793846285597,0.5008811861483015,0.40663680137219604,0.3535062727978453,0.33783783783783783,4.546172700616808,0.018733153638814014
Reddit,0.43921568627450974,0.9824561403508771,0.2828282828282828,0.40316205533596833,0.9107142857142857,0.25888324873096447,0.43137254901960786,0.9649122807017544,0.2777777777777778,0.10523568817179402,0.10523568817179402,0.1045779651207203,0.10358622597474396,0.35398230088495575,29.750833334919907,0.01327115488925516
Reddit,0.42857142857142855,0.9452054794520548,0.27710843373493976,0.40625,0.9027777777777778,0.2620967741935484,0.3788819875776398,0.8356164383561644,0.24497991967871485,0.08419866009795363,0.08372161386510403,0.08156745196989257,0.07964089787042908,0.3227848101265823,33.35629055160058,0.013877943281931754
Reddit,0.1414141414141414,0.8166666666666667,0.07740916271721959,0.09261939218523878,0.5423728813559322,0.05063291139240506,0.12987012987012986,0.75,0.07109004739336493,3.0366799103877606e-05,2.9382949020263752e-05,2.5651501243257e-05,2.1893208518214226e-05,0.06535947712418301,70518.92296504852,0.009805786567296632
Reddit,0.12348401323042998,0.7671232876712328,0.0671462829736211,0.0707182320441989,0.4444444444444444,0.03841536614645858,0.11025358324145536,0.684931506849315,0.05995203836930456,1.9026442209641345e-05,1.8874230671964215e-05,1.6075817481942956e-05,1.2854325567907825e-05,0.056338028169014086,56681.63159397991,0.00893239837468068
Reddit,0.15922330097087378,0.6507936507936508,0.09070796460176991,0.06627680311890838,0.27419354838709675,0.037694013303769404,0.12815533980582522,0.5238095238095238,0.07300884955752213,0.001581830231271121,0.0014944441572026367,0.0011179855229685467,0.0008218031002033526,0.06563706563706563,1079.6314371748051,0.006746364653243848
Reddit,0.30617283950617286,0.96875,0.18181818181818182,0.29280397022332505,0.9365079365079365,0.17352941176470588,0.30617283950617286,0.96875,0.18181818181818182,0.009862184146290741,0.00979486548317613,0.009524438113883524,0.009387714805919364,0.25,257.23755590577474,0.012262262262262262
Reddit,0.5714285714285714,0.9863013698630136,0.4022346368715084,0.552,0.9583333333333334,0.38764044943820225,0.5714285714285714,0.9863013698630136,0.4022346368715084,0.2290483895827325,0.2290483895827325,0.22543183606300513,0.2217961978281341,0.45217391304347826,11.36519432328446,0.015634920634920633
Reddit,0.5249999999999999,0.8513513513513513,0.3795180722891566,0.4285714285714285,0.6986301369863014,0.3090909090909091,0.4833333333333334,0.7837837837837838,0.3493975903614458,0.23073408717489868,0.2198722417375867,0.19669574444136342,0.17952640391547728,0.40707964601769914,10.615538676348532,0.009780385880679292
Reddit,0.08841463414634146,0.8656716417910447,0.046586345381526104,0.06717557251908397,0.6666666666666666,0.03536977491961415,0.08536585365853659,0.835820895522388,0.04497991967871486,1.3595908534539274e-08,1.330307358148766e-08,1.229506543401237e-08,1.1028260173527214e-08,0.06088560885608856,241308631.69476056,0.0042293233082706765
Reddit,0.272108843537415,0.8695652173913043,0.16129032258064516,0.2277904328018223,0.7352941176470589,0.1347708894878706,0.24943310657596374,0.7971014492753623,0.1478494623655914,0.01309931250447965,0.012879155991799318,0.011553887995524186,0.010737746306488952,0.16666666666666666,214.3579023255068,0.008569010981891218
Reddit,0.2247191011235955,0.8695652173913043,0.12903225806451613,0.18421052631578946,0.7205882352941176,0.10560344827586207,0.2097378277153558,0.8115942028985508,0.12043010752688173,0.0023692028335768676,0.0023489919129203165,0.0022409193167703943,0.0020103891553602798,0.15503875968992248,892.5813402703402,0.009899414311179017
Reddit,0.36317135549872126,0.8987341772151899,0.22756410256410256,0.3033419023136247,0.7564102564102564,0.18971061093247588,0.3427109974424552,0.8481012658227848,0.21474358974358973,0.04756905518599313,0.04563210758472369,0.04065160116432583,0.0375922059898891,0.2962962962962963,50.60501251312661,0.0097182523478971
Reddit,0.08503767491926803,0.9634146341463414,0.04448198198198198,0.07004310344827587,0.8024691358024691,0.036619718309859155,0.08180839612486544,0.926829268292683,0.04279279279279279,3.03767386128685e-10,3.0138190714111354e-10,2.9977920636356205e-10,2.88601265410102e-10,0.07951070336391437,1810869893.1687849,0.008839370430317576
Reddit,0.262962962962963,0.9726027397260274,0.15203426124197003,0.241635687732342,0.9027777777777778,0.13948497854077252,0.2555555555555556,0.9452054794520548,0.14775160599571735,0.0032103371688065483,0.0032010854766774226,0.0031639450131879564,0.003024230666267038,0.19262295081967212,642.1286881241941,0.008070207738807574
Reddit,0.6391752577319587,0.7848101265822784,0.5391304347826087,0.5625,0.6923076923076923,0.47368421052631576,0.6082474226804123,0.7468354430379747,0.5130434782608696,0.5627780864591505,0.5128505377729292,0.46568836180825873,0.44260776440527516,0.4772727272727273,4.3347618261852086,0.01818181818181818
Reddit,0.2393617021276596,0.6818181818181818,0.14516129032258066,0.13368983957219252,0.38461538461538464,0.08090614886731391,0.15425531914893617,0.4393939393939394,0.0935483870967742,0.00503227784434217,0.004550759692644404,0.003339951502693396,0.0024055102656269168,0.13043478260869565,212.118028327021,0.006845238095238095
Reddit,0.4755700325732899,0.9605263157894737,0.31601731601731603,0.45901639344262296,0.9333333333333333,0.30434782608695654,0.46905537459283386,0.9473684210526315,0.3116883116883117,0.08628678836797764,0.0862833644249449,0.08435648126413225,0.0829687283432856,0.36764705882352944,23.400977097089857,0.01256796420500337
Reddit,0.28009828009828014,0.8028169014084507,0.16964285714285715,0.2024691358024691,0.5857142857142857,0.12238805970149254,0.2506142506142506,0.7183098591549296,0.15178571428571427,0.013137105140607268,0.012371453138150662,0.010534620221195815,0.008857088232727217,0.1595744680851064,165.28847946511766,0.008480074142724746
Reddit,0.4227642276422764,0.9873417721518988,0.2689655172413793,0.4141689373297002,0.9743589743589743,0.2629757785467128,0.4227642276422764,0.9873417721518988,0.2689655172413793,0.06833783104046191,0.06816698646286076,0.06748146724296239,0.0671359093889965,0.3333333333333333,40.13736485293259,0.016426282051282052
Reddit,0.5192307692307692,0.9310344827586207,0.36,0.4901960784313726,0.8928571428571429,0.33783783783783783,0.5192307692307692,0.9310344827586207,0.36,0.22900167202714447,0.2200212143005898,0.21544236249922144,0.20776972892529,0.4074074074074074,12.39435812695867,0.01889466225791214
Reddit,0.2832244008714596,0.9420289855072463,0.16666666666666666,0.19693654266958424,0.6617647058823529,0.11568123393316196,0.23093681917211328,0.7681159420289855,0.1358974358974359,0.006870782081962528,0.006735030210547775,0.006190240441508857,0.005641866529252578,0.16,242.92521121436766,0.011039066075306641
Reddit,0.2793296089385475,0.9868421052631579,0.16268980477223427,0.26542056074766357,0.9466666666666667,0.15434782608695652,0.2644320297951583,0.9342105263157895,0.1540130151843818,0.005444941960851154,0.005429429305692034,0.005336043121634131,0.005195317114508408,0.19665271966527198,431.6294940413507,0.012347766791527385
Reddit,0.237037037037037,0.9411764705882353,0.13559322033898305,0.20074349442379183,0.8059701492537313,0.11464968152866242,0.22592592592592586,0.8970588235294118,0.1292372881355932,0.001680716595035773,0.0016538680871278533,0.0015568176152735206,0.0014915684251764416,0.1722689075630252,987.8416267228162,0.00956257672675583
Reddit,0.11450381679389313,0.6164383561643836,0.06311360448807854,0.06887755102040816,0.375,0.037921348314606744,0.1119592875318066,0.6027397260273972,0.061711079943899017,0.0008328138727985653,0.0007510850658663333,0.0005617044093380297,0.00042226490725411607,0.08256880733944955,19132.71411096579,0.00835010060362173
Reddit,0.3237597911227154,0.9117647058823529,0.19682539682539682,0.2467191601049869,0.7014925373134329,0.14968152866242038,0.29765013054830286,0.8382352941176471,0.18095238095238095,0.012723977333947525,0.012503690639557183,0.011619188131476027,0.01046254630491116,0.2,126.63004974120119,0.007754358574030705
Reddit,0.23736263736263738,0.7397260273972602,0.14136125654450263,0.15452538631346577,0.4861111111111111,0.09186351706036745,0.2021978021978022,0.6301369863013698,0.12041884816753927,0.024219716762393786,0.023148574497717893,0.01813496033440323,0.015010244215705779,0.13392857142857142,173.6675530735987,0.00783537791848041
Reddit,0.34057971014492755,0.7121212121212122,0.22380952380952382,0.2116788321167883,0.4461538461538462,0.13875598086124402,0.2971014492753623,0.6212121212121212,0.19523809523809524,0.13266302401143285,0.12015479603321202,0.09769168243821845,0.07853041076538841,0.17054263565891473,22.33289282022091,0.013968957871396896
Multi-News,0.07418622255866769,0.8909090909090909,0.038704581358609796,0.05458680818802123,0.6666666666666666,0.028458498023715414,0.056018168054504165,0.6727272727272727,0.029225908372827805,5.828075176600153e-11,5.828075176600153e-11,5.2721664674475224e-11,4.640874677663084e-11,0.04085257548845471,7978370264.144282,0.012048716833405828
Multi-News,0.22875816993464052,0.7291666666666666,0.13565891472868216,0.15131578947368424,0.48936170212765956,0.08949416342412451,0.19607843137254904,0.625,0.11627906976744186,0.017156408630157653,0.015693883785778028,0.012881516065781633,0.010368562273381843,0.11864406779661017,123.96509077982394,0.007901326452475047
Multi-News,0.24427480916030533,0.64,0.1509433962264151,0.2153846153846154,0.5714285714285714,0.13270142180094788,0.23664122137404578,0.62,0.14622641509433962,0.02965987650616578,0.026853592352750904,0.022512030491015272,0.019334153564795304,0.18633540372670807,60.22208922658055,0.008225944175665119
Multi-News,0.09868928296067848,0.8767123287671232,0.05228758169934641,0.0694980694980695,0.625,0.03679476696647588,0.07555898226676946,0.6712328767123288,0.04003267973856209,1.8818335504672123e-07,1.8640384341507374e-07,1.743594592968436e-07,1.5331803035873013e-07,0.05902192242833052,34203074.20255035,0.013500188005553323
Multi-News,0.32323232323232326,0.8421052631578947,0.2,0.2436548223350254,0.64,0.15047021943573669,0.2878787878787879,0.75,0.178125,0.03740218323966325,0.03674744042583983,0.032726910334705345,0.029181923186990012,0.18181818181818182,83.81160048964585,0.013360853453666286
Multi-News,0.28664495114006516,0.7719298245614035,0.176,0.21639344262295085,0.5892857142857143,0.13253012048192772,0.26058631921824105,0.7017543859649122,0.16,0.020285970375308687,0.018495222924833722,0.016830804659401864,0.015155543278234294,0.1590909090909091,91.69964597046769,0.011361372800460191
Multi-News,0.49789029535864976,0.7866666666666666,0.36419753086419754,0.3489361702127659,0.5540540540540541,0.2546583850931677,0.4219409282700422,0.6666666666666666,0.30864197530864196,0.2732393738513601,0.25273710617714534,0.20748223775575617,0.18328343446491108,0.29508196721311475,8.89700128518647,0.015406162464985995
Multi-News,0.06039076376554175,1.0,0.031135531135531136,0.059276822762299945,1.0,0.030543677458766034,0.06039076376554175,1.0,0.031135531135531136,5.501097800089287e-13,5.501097800089287e-13,5.501097800089287e-13,5.501097800089287e-13,0.055693069306930694,77399388811437.8,0.009494105626806562
Multi-News,0.30666666666666664,0.7796610169491526,0.1908713692946058,0.18791946308724836,0.4827586206896552,0.11666666666666667,0.24666666666666667,0.6271186440677966,0.15352697095435686,0.03446586780260652,0.033200756708461544,0.028121932151835862,0.02386031595174274,0.14838709677419354,66.68633104092515,0.017214254764359428
Multi-News,0.03506208911614317,0.935064935064935,0.017866004962779156,0.020950060901339832,0.5657894736842105,0.010672623479771656,0.029705381056732403,0.7922077922077922,0.015136476426799007,3.9705834122814515e-25,3.942154414102825e-25,3.8470963683588226e-25,3.5801903189875915e-25,0.0180064308681672,1.3695955316480282e+23,0.007013669349882272
Multi-News,0.17169373549883993,0.5,0.10364145658263306,0.04662004662004662,0.136986301369863,0.028089887640449437,0.1160092807424594,0.33783783783783783,0.0700280112044818,0.01578382656552711,0.012394736030342754,0.00696644208609216,0.004786065752848521,0.042735042735042736,111.7446341980702,0.009951211956942615
Multi-News,0.032276015581524764,1.0,0.016402714932126698,0.028969359331476326,0.9285714285714286,0.014714204867006225,0.031163049526989426,0.9655172413793104,0.01583710407239819,1.1604659589900812e-26,1.1604659589900812e-26,1.1469721687692662e-26,1.1401069070779745e-26,0.03389830508474576,2.77757868538125e+25,0.013075878111014185
Multi-News,0.1062937062937063,0.8837209302325582,0.05654761904761905,0.07854137447405331,0.6666666666666666,0.041728763040238454,0.0923076923076923,0.7674418604651163,0.049107142857142856,3.655501535416142e-07,3.655501535416142e-07,3.4615361478226324e-07,3.0712205522963487e-07,0.05526315789473684,8040485.299758523,0.009630503144654088
Multi-News,0.31034482758620685,0.8571428571428571,0.18947368421052632,0.2601156069364162,0.7258064516129032,0.15845070422535212,0.21839080459770116,0.6031746031746031,0.13333333333333333,0.02981222280310245,0.0288694097315643,0.026288877779246652,0.02412430636867988,0.19540229885057472,115.09555678108242,0.011740150071153437
Multi-News,0.0019442014192670365,0.45454545454545453,0.000974184120798831,0.000583373845405931,0.14285714285714285,0.00029228371005455964,0.0019442014192670365,0.45454545454545453,0.000974184120798831,1.8610728069628057e-116,1.7586892270098673e-116,1.2516466161365126e-116,5.272065606935268e-117,0.0010865628395508873,5.7851379801071366e+131,0.0003329338127580237
Multi-News,0.375,0.8769230769230769,0.2384937238493724,0.32450331125827814,0.765625,0.20588235294117646,0.3684210526315789,0.8615384615384616,0.23430962343096234,0.05453813498543002,0.05362580884309141,0.04996635799097236,0.04720308498297919,0.27218934911242604,34.374445771155294,0.010559918740875815
Multi-News,0.06180257510729614,1.0,0.03188662533215235,0.05674978503869303,0.9428571428571428,0.02925531914893617,0.06180257510729614,1.0,0.03188662533215235,5.742066763739027e-14,5.742066763739027e-14,5.71510870381537e-14,5.687896322571678e-14,0.05642023346303502,48582559008362.02,0.011699096644307141
Multi-News,0.04705882352941176,0.8846153846153846,0.02417235943247504,0.03379416282642089,0.6470588235294118,0.017350157728706624,0.04194373401534527,0.7884615384615384,0.021544929059379925,4.930334301290835e-16,4.8983191434902455e-16,4.705498209375292e-16,4.23750954653428e-16,0.032219570405727926,814286457433698.8,0.006014248188803211
Multi-News,0.5697674418604651,0.765625,0.4537037037037037,0.4705882352941176,0.6349206349206349,0.37383177570093457,0.4186046511627907,0.5625,0.3333333333333333,0.4815700397391613,0.4286289728666269,0.37947822902117856,0.3518794047316199,0.4024390243902439,5.23694181526674,0.022074338581399122
Multi-News,0.14626391096979333,1.0,0.07890222984562607,0.12440191387559808,0.8666666666666667,0.06701030927835051,0.13354531001589826,0.9130434782608695,0.07204116638078903,9.367809261516347e-06,9.335837216255198e-06,9.14323849154849e-06,8.820548926651131e-06,0.09507042253521127,663153.5921867813,0.010920848745452846
Multi-News,0.017948717948717947,0.56,0.009120521172638436,0.007702182284980745,0.25,0.003911342894393742,0.016666666666666666,0.52,0.008469055374592834,6.7505183775936185e-22,5.594352246624546e-22,2.850218870539528e-22,2.4135931629385004e-22,0.010057471264367816,1.931027372754396e+28,0.007968990580373467
Multi-News,0.06096131301289566,0.29545454545454547,0.03398692810457516,0.03760282021151587,0.1839080459770115,0.020942408376963352,0.0586166471277843,0.2840909090909091,0.032679738562091505,0.0001099981842928603,9.264245974622205e-05,4.997641082668668e-05,2.9954418908959985e-05,0.04201680672268908,5393.896177903599,0.00325707272555622
Multi-News,0.13501144164759724,0.9516129032258065,0.07266009852216748,0.13073394495412843,0.9344262295081968,0.07028360049321825,0.13501144164759724,0.9516129032258065,0.07266009852216748,2.8093702801363803e-06,2.736833726565882e-06,2.7284640646012836e-06,2.7119513351353137e-06,0.11380145278450363,449848.7376423292,0.010727392480859367
Multi-News,0.26857142857142857,0.7580645161290323,0.16319444444444445,0.23563218390804597,0.6721311475409836,0.14285714285714285,0.2571428571428571,0.7258064516129032,0.15625,0.03227756430022454,0.030192870485646135,0.026292755778564752,0.02398849833201806,0.19072164948453607,87.89918002861698,0.008145071748098741
Multi-News,0.4539007092198581,0.9142857142857143,0.3018867924528302,0.3928571428571429,0.7971014492753623,0.26066350710900477,0.375886524822695,0.7571428571428571,0.25,0.18188825443899162,0.17525031314167058,0.16821734054057064,0.16263512559962434,0.31788079470198677,18.479586061009854,0.01216931216931217
Multi-News,0.3897058823529412,0.9137931034482759,0.24766355140186916,0.36296296296296293,0.8596491228070176,0.2300469483568075,0.24999999999999997,0.5862068965517241,0.1588785046728972,0.06417450403421687,0.06196730640025429,0.058137027281199155,0.056906141690621866,0.3237410071942446,38.149377253325895,0.010048528689514507
Multi-News,0.24793388429752064,1.0,0.14150943396226415,0.2333333333333334,0.9655172413793104,0.13270142180094788,0.24793388429752064,1.0,0.14150943396226415,0.005059648151721608,0.005033157847262333,0.004953129243264311,0.004925795026014687,0.15789473684210525,812.4058251675433,0.013432835820895522
Multi-News,0.2926829268292683,0.8059701492537313,0.17880794701986755,0.16893732970027248,0.4696969696969697,0.10299003322259136,0.23306233062330622,0.6417910447761194,0.1423841059602649,0.03457688706902036,0.03237131032898397,0.026263604856633087,0.02180918702612497,0.11282051282051282,74.35296339024619,0.011995583216221642
Multi-News,0.2055137844611529,0.9534883720930233,0.1151685393258427,0.18639798488664988,0.8809523809523809,0.10422535211267606,0.2055137844611529,0.9534883720930233,0.1151685393258427,0.0010674104702046994,0.001050534415339803,0.0009954026210242236,0.0009610946863197691,0.13135593220338984,3898.287694161834,0.011965758442143235
Multi-News,0.035074899525027396,1.0,0.017850502045370024,0.03363802559414991,0.9787234042553191,0.01711309523809524,0.035074899525027396,1.0,0.017850502045370024,5.536522279061416e-24,5.536522279061416e-24,5.5176905706292345e-24,5.498730318112192e-24,0.036490008688097306,3.207663726619528e+23,0.007649922058308156
Multi-News,0.31062670299727524,0.9193548387096774,0.18688524590163935,0.2684931506849315,0.8032786885245902,0.1611842105263158,0.2833787465940054,0.8387096774193549,0.17049180327868851,0.03239639192217216,0.031534785754029286,0.029199947919184507,0.027805459377051506,0.22395833333333334,150.9500749300174,0.010711286615947307
Multi-News,0.2787456445993031,0.975609756097561,0.16260162601626016,0.2596491228070175,0.925,0.1510204081632653,0.2787456445993031,0.975609756097561,0.16260162601626016,0.007692408330921517,0.007560349818802692,0.007427152871234568,0.007359403641271235,0.22085889570552147,365.0374678653289,0.01246073195889507
Multi-News,0.3375,1.0,0.20300751879699247,0.32704402515723274,0.9811320754716981,0.19622641509433963,0.3375,1.0,0.20300751879699247,0.01843457119223903,0.01843457119223903,0.018314476265905225,0.018193596405412377,0.2696629213483146,112.98699541569624,0.013496503496503496
Multi-News,0.11688311688311688,0.972972972972973,0.06217616580310881,0.10423452768729644,0.8888888888888888,0.05536332179930796,0.11688311688311688,0.972972972972973,0.06217616580310881,1.1253517471925912e-07,1.1143188869259972e-07,1.0754593051988311e-07,1.0417860233911612e-07,0.08092485549132948,10250706.037227022,0.009236628200679982
Multi-News,0.039109179793590444,1.0,0.019944598337950138,0.03480152256661229,0.9142857142857143,0.017738359201773836,0.032590983161325374,0.8333333333333334,0.01662049861495845,2.733634316812616e-24,2.733634316812616e-24,2.733634316812616e-24,2.6766836018790197e-24,0.038869257950530034,1.7067687038597393e+21,0.006006048584772032
Multi-News,0.044444444444444446,1.0,0.022727272727272728,0.043146365748423496,0.9848484848484849,0.022056328469630133,0.04245439469320066,0.9552238805970149,0.021709633649932156,2.3865568412827444e-19,2.3865568412827444e-19,2.3739628737825715e-19,2.3486749866592087e-19,0.04201680672268908,1.664210237464562e+18,0.009993536500554793
Multi-News,0.0,0.0,0.0,0.0,0.0,0.0,0.0,0.0,0.0,4.710219096583544e-07,9.713878265779169e-09,9.817217396266178e-10,9.92277887364539e-10,0.006024096385542169,139.42126035437516,0.0
Multi-News,0.34808259587020646,0.9833333333333333,0.2114695340501792,0.33827893175074186,0.9661016949152542,0.20503597122302158,0.3421828908554572,0.9666666666666667,0.2078853046594982,0.03769024985663174,0.037201785788822495,0.03661289537692322,0.03621724522617322,0.25906735751295334,112.08956571721907,0.0076842303817921
Multi-News,0.017524644030668127,0.975609756097561,0.008841732979664015,0.016655708963401274,0.95,0.00840150342692903,0.017524644030668127,0.975609756097561,0.008841732979664015,4.0353146400143137e-47,4.0353146400143137e-47,4.0046278366681977e-47,3.8966969615405397e-47,0.022435897435897436,2.947878391455509e+46,0.008859138478728512
Multi-News,0.08033240997229918,1.0,0.04184704184704185,0.06388888888888888,0.8214285714285714,0.033236994219653176,0.0775623268698061,0.9655172413793104,0.04040404040404041,1.9732799032127283e-10,1.9732799032127283e-10,1.9403919048258494e-10,1.8740647125484012e-10,0.07716049382716049,72004899337.38588,0.01316872427983539
Multi-News,0.04328297264189466,0.8983050847457628,0.022175732217573223,0.035145075602778915,0.7413793103448276,0.01799916282963583,0.03266639444671294,0.6779661016949152,0.016736401673640166,2.8777156150033897e-18,2.8609359321170728e-18,2.7599143909974027e-18,2.5823489096511354e-18,0.03169734151329243,1.4037996722229555e+18,0.009303131120774778
Multi-News,0.14285714285714288,0.9696969696969697,0.07710843373493977,0.12304250559284116,0.8461538461538461,0.06634499396863691,0.11160714285714286,0.7575757575757576,0.060240963855421686,1.411943054578947e-05,1.3899957532124347e-05,1.3752692090054679e-05,1.3384043538196268e-05,0.09170305676855896,327228.0797752957,0.012394968978449432
Multi-News,0.18257261410788383,0.55,0.10945273631840796,0.05857740585774059,0.1794871794871795,0.035,0.14107883817427386,0.425,0.0845771144278607,0.031006420811657054,0.02601114012853624,0.01701696995960946,0.012981485675260215,0.08029197080291971,87.99436050662946,0.007844946931241348
Multi-News,0.11166500498504486,0.9180327868852459,0.059447983014861996,0.08391608391608392,0.7,0.044633368756641874,0.10767696909272184,0.8852459016393442,0.05732484076433121,3.042443174145901e-07,3.034153138249045e-07,2.9510036251961605e-07,2.717360204853599e-07,0.09176470588235294,4180333.7229662766,0.00954761516373019
Multi-News,0.02813599062133646,0.5853658536585366,0.014414414414414415,0.0176056338028169,0.375,0.009014423076923076,0.025791324736225085,0.5365853658536586,0.013213213213213212,1.576432455948077e-15,1.5288220797617256e-15,1.3110397865965487e-15,9.692929289951013e-16,0.018005540166204988,7195233026088632.0,0.006117067224500003
Multi-News,0.011235955056179775,1.0,0.005649717514124294,0.009467455621301775,0.8888888888888888,0.004759071980963712,0.011235955056179775,1.0,0.005649717514124294,9.551313108651006e-62,9.205251039496984e-62,8.43583128574286e-62,7.936017509393851e-62,0.003324468085106383,5.579189363140132e+70,0.02602421638495661
Multi-News,0.08456243854473942,0.9772727272727273,0.044193216855087356,0.06896551724137931,0.813953488372093,0.0360082304526749,0.07472959685349066,0.8636363636363636,0.03905447070914697,3.9811955165627065e-10,3.9811955165627065e-10,3.9336115064045863e-10,3.6945494393701915e-10,0.06457925636007827,1732319801.1303875,0.01069896083732557
Multi-News,0.05758754863813229,1.0,0.029647435897435896,0.056074766355140186,0.9863013698630136,0.028857715430861724,0.05603112840466927,0.972972972972973,0.028846153846153848,1.4274999031481543e-16,1.4274999031481543e-16,1.417054781905607e-16,1.4100488040876636e-16,0.040840140023337225,108285185979260.66,0.007023615635179153
Multi-News,0.05337078651685393,0.8636363636363636,0.02753623188405797,0.042194092827004225,0.6976744186046512,0.021754894851341553,0.050561797752808994,0.8181818181818182,0.02608695652173913,8.997541781617561e-13,8.933273626034578e-13,8.481553722456698e-13,7.735296711534522e-13,0.044058744993324434,17415332164282.186,0.007564019770035866
Multi-News,0.4135338345864662,0.7534246575342466,0.2849740932642487,0.24242424242424243,0.4444444444444444,0.16666666666666666,0.3157894736842105,0.5753424657534246,0.21761658031088082,0.11903730385129363,0.10709569609909772,0.08627997092585354,0.07205257980175361,0.18840579710144928,14.321540117903904,0.015854950977283552
Multi-News,0.13437849944008956,1.0,0.07202881152460984,0.12794612794612797,0.9661016949152542,0.06850961538461539,0.12989921612541994,0.9666666666666667,0.06962785114045618,4.367991134892247e-06,4.356496421379373e-06,4.310365922030872e-06,4.229324749657573e-06,0.10864197530864197,2314132.521506207,0.010850439882697948
Multi-News,0.4042553191489362,1.0,0.25333333333333335,0.33333333333333337,0.8378378378378378,0.2080536912751678,0.36170212765957444,0.8947368421052632,0.22666666666666666,0.034721156119538604,0.03436685860811474,0.033474755643452606,0.03167858058329037,0.21052631578947367,73.26753808780862,0.015895347442851177
Multi-News,0.15033557046979865,1.0,0.08127721335268505,0.14535666218034993,0.9818181818181818,0.07848837209302326,0.15033557046979865,1.0,0.08127721335268505,1.278724568660187e-05,1.278724568660187e-05,1.2749074803955296e-05,1.267239018642281e-05,0.1318051575931232,138591.45537211848,0.010665804783451843
Multi-News,0.15979381443298968,0.9841269841269841,0.08695652173913043,0.1524547803617571,0.9516129032258065,0.08286516853932584,0.15979381443298968,0.9841269841269841,0.08695652173913043,2.4832632197398254e-05,2.4763073003568007e-05,2.4483859273277493e-05,2.399321927804958e-05,0.13687150837988826,87295.06232070795,0.013182442095860385
Multi-News,0.4594594594594595,0.8225806451612904,0.31875,0.3909090909090909,0.7049180327868853,0.27044025157232704,0.32432432432432434,0.5806451612903226,0.225,0.1791526842442903,0.170907864231327,0.15434403220385753,0.14320751664945613,0.3247863247863248,12.5818847917873,0.012944318882268338
Multi-News,0.04208065458796025,1.0,0.021492537313432834,0.04095962551199532,1.0,0.02090800477897252,0.040911747516072475,0.9722222222222222,0.020895522388059702,2.4473843260726614e-20,2.4473843260726614e-20,2.4473843260726614e-20,2.4473843260726614e-20,0.036991368680641186,1.0645837252097586e+20,0.00977915075792813
Multi-News,0.05415384615384615,0.9166666666666666,0.027901077996195307,0.035736290819470114,0.6170212765957447,0.018401015228426396,0.039384615384615386,0.6666666666666666,0.020291693088142042,1.0832234826665343e-14,1.079449184817522e-14,1.0150485781630461e-14,9.235905483788344e-15,0.032210834553440704,101390447851464.12,0.01841200174610127
Multi-News,0.26666666666666666,0.9142857142857143,0.15609756097560976,0.19665271966527198,0.6811594202898551,0.11491442542787286,0.17916666666666667,0.6142857142857143,0.1048780487804878,0.00648479715330477,0.006267399401283383,0.005646744731001078,0.005022899034136344,0.14225941422594143,319.93438952233583,0.01434709780787998
Multi-News,0.26708074534161486,0.7818181818181819,0.16104868913857678,0.18125,0.5370370370370371,0.10902255639097744,0.20496894409937888,0.6,0.12359550561797752,0.021340708353671974,0.020246106393080342,0.017909359511108718,0.01583294081035298,0.15517241379310345,83.1838011852859,0.014927193926648086
Multi-News,0.0718336483931947,1.0,0.03725490196078431,0.0683111954459203,1.0,0.03536345776031434,0.0718336483931947,1.0,0.03725490196078431,1.633410628231125e-12,1.633410628231125e-12,1.633410628231125e-12,1.633410628231125e-12,0.05787781350482315,176173799538.0854,0.011689526595856346
