model,rouge1_fmeasure,rouge1_precision,rouge1_recall,rouge2_fmeasure,rouge2_precision,rouge2_recall,rougeL_fmeasure,rougeL_precision,rougeL_recall,bleu1,bleu2,bleu3,bleu4,jaccard,perplexity,cosine_similarity
pegasus,1.0,1.0,1.0,1.0,1.0,1.0,1.0,1.0,1.0,0.9745560978867964,0.9493085305840296,0.9288737807983528,0.9082250545751296,0.6857142857142857,3.211270543153561,0.0314285714285714
pegasus,0.945945945945946,1.0,0.8974358974358975,0.9444444444444444,1.0,0.8947368421052632,0.945945945945946,1.0,0.8974358974358975,0.8587441360337843,0.8412187455024825,0.8279174234582126,0.8144789743825582,0.7,3.464000871972232,0.0266075388026607
pegasus,0.6071428571428571,1.0,0.4358974358974359,0.5925925925925926,1.0,0.4210526315789473,0.6071428571428571,1.0,0.4358974358974359,0.2500389398469346,0.2450381610499959,0.2424620022758154,0.239833268832774,0.3414634146341463,15.642631884188171,0.0227272727272727
pegasus,1.0,1.0,1.0,1.0,1.0,1.0,1.0,1.0,1.0,0.9904306953846912,0.9808148633906648,0.9807205905279784,0.9806244508759318,0.85,2.8651811561836884,0.0526315789473684
pegasus,1.0,1.0,1.0,1.0,1.0,1.0,1.0,1.0,1.0,0.9728523691698342,0.94582869224845,0.9273919780871316,0.9086074013944678,0.6666666666666666,3.1832246912598827,0.0430622009569378
pegasus,1.0,1.0,1.0,1.0,1.0,1.0,1.0,1.0,1.0,0.9619818553060994,0.9244044390832048,0.8938099128040924,0.8627297591237241,0.5666666666666667,3.37836310709448,0.0372670807453416
pegasus,1.0,1.0,1.0,1.0,1.0,1.0,1.0,1.0,1.0,0.969233234476344,0.9384639254453492,0.9223348521629728,0.9056769568057642,0.625,3.211270543153561,0.0714285714285714
pegasus,1.0,1.0,1.0,1.0,1.0,1.0,1.0,1.0,1.0,0.9899498337660452,0.9798995816465929,0.9747975403920752,0.9696431705093056,0.8235294117647058,2.882977255397824,0.034313725490196
pegasus,1.0,1.0,1.0,1.0,1.0,1.0,1.0,1.0,1.0,0.994778079782369,0.9895424056782512,0.9895147036988644,0.9894867070175692,0.896551724137931,2.807397968560594,0.0372983870967741
pegasus,1.0,1.0,1.0,1.0,1.0,1.0,1.0,1.0,1.0,0.951229424500714,0.9011647179480448,0.8983833453617854,0.8952747524712602,0.5,3.490342957461841,0.2
pegasus,1.0,1.0,1.0,1.0,1.0,1.0,1.0,1.0,1.0,0.9891892950517396,0.9783981391057208,0.971138395507,0.96382546697349,0.8222222222222222,2.905677746882001,0.0217592592592592
pegasus,0.7857142857142858,1.0,0.6470588235294118,0.7777777777777778,1.0,0.6363636363636364,0.7857142857142858,1.0,0.6470588235294118,0.5916602593686444,0.5874341146588684,0.5788906134829902,0.5745106866333214,0.4848484848484848,5.1364574837703465,0.0404040404040404
pegasus,1.0,1.0,1.0,1.0,1.0,1.0,1.0,1.0,1.0,1.0,1.0,1.0,1.0,1.0,2.718281828459045,0.375
pegasus,1.0,1.0,1.0,1.0,1.0,1.0,1.0,1.0,1.0,0.989847803378734,0.9796955182158752,0.9745408785842176,0.9693328229978276,0.8181818181818182,2.8781359849068946,0.0416988416988417
pegasus,1.0,1.0,1.0,1.0,1.0,1.0,1.0,1.0,1.0,0.989847803378734,0.9796955182158752,0.9745408785842176,0.9693328229978276,0.8181818181818182,2.912365149565017,0.0311457174638487
pegasus,1.0,1.0,1.0,1.0,1.0,1.0,1.0,1.0,1.0,0.9797986738537044,0.9597208321763744,0.9435098340813448,0.9271648607954476,0.6842105263157895,3.123296107503001,0.0338753387533875
pegasus,1.0,1.0,1.0,1.0,1.0,1.0,1.0,1.0,1.0,0.9878789371893664,0.9757824604074558,0.9716842005141308,0.9675522100867044,0.825,2.961554459463227,0.0266272282423857
pegasus,1.0,1.0,1.0,1.0,1.0,1.0,1.0,1.0,1.0,0.9800006733734208,0.960000659631106,0.9496913741969232,0.9391673119828616,0.7222222222222222,3.080216848918031,0.0694444444444444
pegasus,1.0,1.0,1.0,1.0,1.0,1.0,1.0,1.0,1.0,0.989130542383741,0.9782609759839196,0.9727361135044524,0.9671498636641024,0.8125,2.893595944171761,0.0422794117647058
pegasus,1.0,1.0,1.0,1.0,1.0,1.0,1.0,1.0,1.0,0.9843345265646904,0.9687101690001714,0.9581554168156294,0.9474877795809852,0.7352941176470589,2.994490779427674,0.0351043643263757
pegasus,1.0,1.0,1.0,1.0,1.0,1.0,1.0,1.0,1.0,0.9777787025014762,0.9557235437984354,0.9371916620202828,0.9185193871983566,0.6590909090909091,3.146659655666196,0.0311364815775817
pegasus,1.0,1.0,1.0,1.0,1.0,1.0,1.0,1.0,1.0,0.9824565942999044,0.9649906992901284,0.9517548257280324,0.9384002447797292,0.7567567567567568,3.057651259013446,0.0247678018575851
pegasus,1.0,1.0,1.0,1.0,1.0,1.0,1.0,1.0,1.0,0.9887641638186618,0.9775282074116316,0.971813921010342,0.966033953156164,0.8064516129032258,2.9272811997550834,0.0332056194125159
pegasus,0.2857142857142857,1.0,0.1666666666666666,0.2424242424242424,1.0,0.1379310344827586,0.2857142857142857,1.0,0.1666666666666666,0.008385510525424,0.0081150101858942,0.0081059935079099,0.0080963549900646,0.125,735.0951892419727,0.0303030303030303
pegasus,1.0,1.0,1.0,1.0,1.0,1.0,1.0,1.0,1.0,0.9726044771163485,0.9508702988567652,0.9343559864432336,0.9176550716295492,0.7222222222222222,3.0685714304947185,0.0343980343980344
pegasus,0.9302325581395348,0.9523809523809524,0.9090909090909092,0.8780487804878048,0.9,0.8571428571428571,0.9302325581395348,0.9523809523809524,0.9090909090909092,0.9574533680683808,0.915459799293452,0.8811960201691293,0.846320387846158,0.5,3.5365719941224363,0.0394736842105263
pegasus,1.0,1.0,1.0,1.0,1.0,1.0,1.0,1.0,1.0,0.9895288919912618,0.979057686785005,0.9737385373318268,0.968362498579684,0.8,2.9195473041282614,0.0404761904761904
pegasus,1.0,1.0,1.0,1.0,1.0,1.0,1.0,1.0,1.0,0.9804566542694212,0.9674704734181708,0.9608475211840328,0.9541356702621886,0.8461538461538461,2.9545115270921065,0.0400641025641025
pegasus,1.0,1.0,1.0,0.935483870967742,0.935483870967742,0.935483870967742,0.96875,0.96875,0.96875,0.9899498337660452,0.9798995816465929,0.9646960114760952,0.9544131730667512,0.8529411764705882,2.893595944171761,0.0321691176470588
pegasus,1.0,1.0,1.0,1.0,1.0,1.0,1.0,1.0,1.0,0.9707338275109024,0.9417566983314724,0.9173434669978028,0.8926848765552519,0.5454545454545454,3.3201169227365472,0.0407407407407407
pegasus,1.0,1.0,1.0,1.0,1.0,1.0,1.0,1.0,1.0,0.9926199598197506,0.985239885769046,0.9815085423590818,0.9777492488112148,0.85,2.85416830177539,0.0306296086216676
pegasus,1.0,1.0,1.0,1.0,1.0,1.0,1.0,1.0,1.0,0.9860791127053208,0.9721906744982036,0.9628225298584971,0.9533655876392676,0.7837837837837838,2.9769791874949707,0.0286195286195286
pegasus,0.3783783783783783,1.0,0.2333333333333333,0.3428571428571428,1.0,0.2068965517241379,0.3783783783783783,1.0,0.2333333333333333,0.0337461518005503,0.0318178002690903,0.03076855017109,0.0296557091580593,0.1290322580645161,244.6919322642204,0.0353535353535353
pegasus,1.0,1.0,1.0,1.0,1.0,1.0,1.0,1.0,1.0,0.9931271749133768,0.9862304584209228,0.9861822296342624,0.9861333215689164,0.8636363636363636,2.857651118063164,0.0476190476190476
pegasus,1.0,1.0,1.0,1.0,1.0,1.0,1.0,1.0,1.0,0.9830512566676516,0.9661020970699334,0.9574064412763216,0.9485582301179094,0.7142857142857143,3.0200191061144728,0.0576441102756892
pegasus,1.0,1.0,1.0,1.0,1.0,1.0,1.0,1.0,1.0,0.9890111002051832,0.9780220879806812,0.9724354951738114,0.9667861316612464,0.8125,2.9195473041282614,0.0321428571428571
pegasus,1.0,1.0,1.0,1.0,1.0,1.0,1.0,1.0,1.0,0.9867551618071956,0.97351012607824,0.9667533679867796,0.9599046812138023,0.7692307692307693,2.9545115270921065,0.0448717948717948
pegasus,1.0,1.0,1.0,1.0,1.0,1.0,1.0,1.0,1.0,0.9882354306130864,0.976470723105788,0.9704826983266238,0.9644225286706024,0.8064516129032258,2.9272811997550834,0.0332056194125159
pegasus,1.0,1.0,1.0,1.0,1.0,1.0,1.0,1.0,1.0,0.9836515932942932,0.9673479757258794,0.9563279379250073,0.9451847712101586,0.7333333333333333,3.037731777517483,0.0382716049382716
pegasus,0.1176470588235294,0.6666666666666666,0.064516129032258,0.0625,0.5,0.0333333333333333,0.1176470588235294,0.6666666666666666,0.064516129032258,0.0001783827656887,0.0001486523047406,0.0001259172463685,0.0001003403056999,0.074074074074074,30740.40934396602,0.032258064516129
pegasus,1.0,1.0,1.0,1.0,1.0,1.0,1.0,1.0,1.0,0.9784954614449576,0.95710758250627,0.9408610206201516,0.9244349387131922,0.7272727272727273,3.120305876896185,0.0303030303030303
pegasus,1.0,1.0,1.0,1.0,1.0,1.0,1.0,1.0,1.0,0.9907408072005416,0.9814815473201628,0.9767867113244776,0.9720475844231729,0.8181818181818182,2.888120835221818,0.0363636363636363
pegasus,1.0,1.0,1.0,1.0,1.0,1.0,1.0,1.0,1.0,0.9906103979507198,0.9812207259322296,0.9764588208371382,0.9716513472722372,0.8235294117647058,2.899435691826718,0.0303030303030303
pegasus,0.9433962264150944,1.0,0.8928571428571429,0.9411764705882352,1.0,0.8888888888888888,0.9433962264150944,1.0,0.8928571428571429,0.8403699701308979,0.8219677080112432,0.8094740153466737,0.7967952309389255,0.6451612903225806,3.490342957461841,0.0388888888888888
pegasus,1.0,1.0,1.0,1.0,1.0,1.0,1.0,1.0,1.0,0.9840852192523116,0.9682128770063066,0.9574883214346817,0.9466471946068432,0.7241379310344828,3.050741315609528,0.039787798408488
pegasus,0.9565217391304348,1.0,0.9166666666666666,0.9545454545454544,1.0,0.9130434782608696,0.9565217391304348,1.0,0.9166666666666666,0.906112734834199,0.8804074090232996,0.860807098092489,0.8409247682993645,0.5714285714285714,3.617250785229937,0.0405643738977072
pegasus,0.6857142857142856,1.0,0.5217391304347826,0.6666666666666666,1.0,0.5,0.6857142857142856,1.0,0.5217391304347826,0.4860134467075965,0.4673206218342274,0.454454131986324,0.4412490503003179,0.3461538461538461,8.72913836372013,0.0416666666666666
pegasus,1.0,1.0,1.0,1.0,1.0,1.0,1.0,1.0,1.0,0.9736163268192644,0.9526783412962696,0.936776790128806,0.9207023960138696,0.7567567567567568,3.0685714304947185,0.0286650286650286
pegasus,1.0,1.0,1.0,1.0,1.0,1.0,1.0,1.0,1.0,0.986577384100838,0.9731545625484456,0.9663052460713688,0.9593614562635736,0.7692307692307693,2.965235695110689,0.0434782608695652
pegasus,1.0,1.0,1.0,1.0,1.0,1.0,1.0,1.0,1.0,0.993883811173602,0.987748725919444,0.9877106197998532,0.9876720373537672,0.8846153846153846,2.82084655592679,0.041005291005291
pegasus,1.0,1.0,1.0,1.0,1.0,1.0,1.0,1.0,1.0,0.9797986738537044,0.959665824390957,0.952769744919809,0.9457778865671174,0.7407407407407407,3.097002730371003,0.0408264440842359
pegasus,1.0,1.0,1.0,1.0,1.0,1.0,1.0,1.0,1.0,0.9887430838991688,0.9775073670366782,0.9699456868668652,0.9623262839476644,0.8205128205128205,2.941581519209334,0.0269576379974326
pegasus,1.0,1.0,1.0,1.0,1.0,1.0,1.0,1.0,1.0,0.9937694906233946,0.9875193680408576,0.9874798103029934,0.9874397486449016,0.875,2.8248677192604763,0.0498575498575498
pegasus,1.0,1.0,1.0,1.0,1.0,1.0,1.0,1.0,1.0,0.9791674280854542,0.9583340785517211,0.9475813820181817,0.9365949312121736,0.6842105263157895,3.10599257234172,0.0588235294117647
pegasus,1.0,1.0,1.0,1.0,1.0,1.0,1.0,1.0,1.0,0.9853303383768212,0.9706967194900368,0.9608196334420744,0.9508437765336324,0.7333333333333333,3.037731777517483,0.037037037037037
pegasus,1.0,1.0,1.0,1.0,1.0,1.0,1.0,1.0,1.0,0.9661049965255964,0.9316012466496822,0.9303233299876112,0.9289471120438426,0.5714285714285714,3.3201169227365472,0.1666666666666666
pegasus,1.0,1.0,1.0,1.0,1.0,1.0,1.0,1.0,1.0,0.9863947691297535,0.9727893240383088,0.9658448781062172,0.958803307056194,0.7931034482758621,2.935632923626452,0.037087912087912
pegasus,1.0,1.0,1.0,1.0,1.0,1.0,1.0,1.0,1.0,0.9760967695185692,0.9522895312376284,0.9360928035546934,0.9196283613646024,0.6666666666666666,3.1154189462171216,0.0363636363636363
pegasus,1.0,1.0,1.0,1.0,1.0,1.0,1.0,1.0,1.0,0.9850376877327208,0.9701128742822251,0.9600367311912812,0.9498577703136952,0.7567567567567568,2.994490779427674,0.0284629981024667
pegasus,1.0,1.0,1.0,1.0,1.0,1.0,1.0,1.0,1.0,0.9836515932942932,0.9673479757258794,0.9563279379250073,0.9451847712101586,0.7333333333333333,3.037731777517483,0.0382716049382716
bartx,0.5294117647058824,0.6428571428571429,0.45,0.3749999999999999,0.4615384615384615,0.3157894736842105,0.5294117647058824,0.6428571428571429,0.45,0.5088191347918338,0.34109151320079,0.2687841017766459,0.2178943118402676,0.1333333333333333,5.432001640742895,0.0349650349650349
bartx,0.08,0.0769230769230769,0.0833333333333333,0.0,0.0,0.0,0.08,0.0769230769230769,0.0833333333333333,0.5733333333333334,0.1756756756756756,0.0273972602739725,0.0138888888888888,0.037037037037037,3.4238622637752645,0.0048076923076923
bartx,0.3783783783783784,0.5,0.3043478260869565,0.1142857142857143,0.1538461538461538,0.0909090909090909,0.3243243243243243,0.4285714285714285,0.2608695652173913,0.3705214560736596,0.2642758670081176,0.1552706522525616,0.113916807936657,0.1176470588235294,6.405409432177272,0.0192307692307692
bartx,0.3529411764705882,0.391304347826087,0.3214285714285714,0.1632653061224489,0.1818181818181818,0.1481481481481481,0.2352941176470588,0.2608695652173913,0.2142857142857142,0.6568618131162866,0.4299078185307984,0.2460350826321528,0.1890305556837669,0.1794871794871795,3.8490489313197815,0.0224403927068723
bartx,0.0,0.0,0.0,0.0,0.0,0.0,0.0,0.0,0.0,0.0131145021822015,0.0062856489749013,0.0016342687334743,5.674544213452576e-05,0.0,665.1416330443618,0.0
bartx,0.1818181818181818,0.2,0.1666666666666666,0.0,0.0,0.0,0.1212121212121212,0.1333333333333333,0.1111111111111111,0.5719202423543422,0.2758267028813509,0.1259824310081243,0.0819196103107015,0.0967741935483871,4.3347618261852086,0.009090909090909
bartx,0.3333333333333333,0.8,0.2105263157894736,0.0869565217391304,0.2222222222222222,0.054054054054054,0.25,0.6,0.1578947368421052,0.0400006548601472,0.0338230554722419,0.0266291294369794,0.0207550567670575,0.125,73.69979369959579,0.0255813953488372
bartx,0.1818181818181818,0.1666666666666666,0.2,0.064516129032258,0.0588235294117647,0.0714285714285714,0.1212121212121212,0.1111111111111111,0.1333333333333333,0.7503782933499361,0.3700566002088262,0.151267832334301,0.0718967108977148,0.0294117647058823,2.718281828459045,0.0123456790123456
bartx,0.425531914893617,0.6666666666666666,0.3125,0.1777777777777777,0.2857142857142857,0.1290322580645161,0.2553191489361702,0.4,0.1875,0.2307307714329685,0.1894519599920196,0.1416579619960551,0.1096011083125187,0.119047619047619,9.647189859441935,0.0156862745098039
bartx,0.1304347826086956,0.2,0.0967741935483871,0.0,0.0,0.0,0.1304347826086956,0.2,0.0967741935483871,0.2454180251422283,0.1747097310767025,0.0868319984381217,0.0407947951845767,0.0232558139534883,9.025013499434122,0.0181818181818181
bartx,0.1951219512195122,0.2666666666666666,0.1538461538461538,0.0,0.0,0.0,0.1463414634146341,0.2,0.1153846153846153,0.3606138965312729,0.1950062116725242,0.1062996823362098,0.0512516325549583,0.088235294117647,6.405409432177272,0.0137362637362637
bartx,0.2666666666666666,0.375,0.2068965517241379,0.1395348837209302,0.2,0.1071428571428571,0.2222222222222222,0.3125,0.1724137931034483,0.3121492930429473,0.1944620659009968,0.1149918747563017,0.0712619897683317,0.073170731707317,6.941375821197036,0.0181451612903225
bartx,0.2758620689655172,0.1904761904761904,0.5,0.074074074074074,0.05,0.1428571428571428,0.2068965517241379,0.1428571428571428,0.375,0.3565217391304348,0.2017543859649122,0.1238938053097345,0.0892857142857143,0.08,1.605899780699929,0.0350877192982456
bartx,0.3478260869565218,0.5,0.2666666666666666,0.1363636363636363,0.2,0.1034482758620689,0.2608695652173913,0.375,0.2,0.2105381647760534,0.1434555957267073,0.0970434912268902,0.0820765846197579,0.1388888888888889,8.912902981198737,0.0232142857142857
bartx,0.2127659574468085,0.3333333333333333,0.15625,0.0888888888888888,0.1428571428571428,0.064516129032258,0.1702127659574468,0.2666666666666666,0.125,0.2385126388806476,0.1620740373790702,0.0837244708399533,0.0508705645609843,0.073170731707317,8.442963168725264,0.0104166666666666
bartx,0.1666666666666666,0.1,0.5,0.0,0.0,0.0,0.1666666666666666,0.1,0.5,0.1896551724137931,0.087719298245614,0.0357142857142857,0.0181818181818181,0.0833333333333333,1.4918246976412703,0.025
bartx,0.5,1.0,0.3333333333333333,0.4444444444444445,1.0,0.2857142857142857,0.5,1.0,0.3333333333333333,0.0726412583148924,0.0627356321810435,0.0574372740164266,0.051886613082066,0.15,303.1675776825492,0.0357142857142857
bartx,0.5833333333333333,0.8235294117647058,0.4516129032258064,0.4782608695652173,0.6875,0.3666666666666666,0.5833333333333333,0.8235294117647058,0.4516129032258064,0.4554963187145499,0.4170443438614364,0.3778932421928118,0.3640256002774792,0.3428571428571428,6.96694255411878,0.0303030303030303
bartx,0.1395348837209302,0.1875,0.1111111111111111,0.0,0.0,0.0,0.0930232558139534,0.125,0.074074074074074,0.4381932389359776,0.2855323685969919,0.1201735558068148,0.0631279046217839,0.0,6.5208191203301125,0.00625
bartx,0.3157894736842105,0.4615384615384615,0.24,0.0555555555555555,0.0833333333333333,0.0416666666666666,0.2631578947368421,0.3846153846153846,0.2,0.3963817723918582,0.2783480890573937,0.1464038650236941,0.0988868211124951,0.0571428571428571,7.979877631319886,0.0142450142450142
bartx,0.2121212121212121,0.3181818181818182,0.1590909090909091,0.125,0.1904761904761904,0.0930232558139534,0.2121212121212121,0.3181818181818182,0.1590909090909091,0.2602896673183238,0.176862275770778,0.11085880021013,0.0927674305971243,0.109090909090909,9.974182454814718,0.008695652173913
bartx,0.4,0.625,0.2941176470588235,0.1666666666666666,0.2666666666666666,0.1212121212121212,0.2,0.3125,0.1470588235294117,0.262998491237561,0.1954854685827081,0.1388975697824505,0.0967029179691056,0.1282051282051282,9.487735836358526,0.0260416666666666
bartx,0.1052631578947368,0.0666666666666666,0.25,0.0555555555555555,0.0344827586206896,0.1428571428571428,0.1052631578947368,0.0666666666666666,0.25,0.2966101694915254,0.1623931623931624,0.043103448275862,0.0008695652173913,0.0,1.448270911976942,0.0037037037037037
bartx,0.5454545454545455,0.8333333333333334,0.4054054054054054,0.3018867924528302,0.4705882352941176,0.2222222222222222,0.3272727272727273,0.5,0.2432432432432432,0.234403375277317,0.1942872683552262,0.1586971931114898,0.1359352665616916,0.225,9.915683019162888,0.0346907993966817
bartx,0.3829787234042554,0.36,0.4090909090909091,0.2222222222222222,0.2083333333333333,0.238095238095238,0.2553191489361702,0.24,0.2727272727272727,0.7295597484276729,0.4746835443037974,0.3248407643312102,0.2371794871794871,0.15,2.718281828459045,0.0190972222222222
bartx,0.3043478260869565,0.3333333333333333,0.28,0.1818181818181818,0.2,0.1666666666666666,0.3043478260869565,0.3333333333333333,0.28,0.630634842663811,0.3422800477335584,0.2004312971824395,0.1325919796560095,0.0769230769230769,3.8574255306969754,0.0129629629629629
bartx,0.074074074074074,0.0416666666666666,0.3333333333333333,0.0,0.0,0.0,0.074074074074074,0.0416666666666666,0.3333333333333333,0.130841121495327,0.0849056603773584,0.0380952380952381,0.0192307692307692,0.0,1.1993961020353858,0.0113636363636363
bartx,0.3829787234042554,0.36,0.4090909090909091,0.2222222222222222,0.2083333333333333,0.238095238095238,0.2553191489361702,0.24,0.2727272727272727,0.7295597484276729,0.4746835443037974,0.3248407643312102,0.2371794871794871,0.15,2.718281828459045,0.0190972222222222
bartx,0.1025641025641025,0.1052631578947368,0.1,0.054054054054054,0.0555555555555555,0.0526315789473684,0.1025641025641025,0.1052631578947368,0.1,0.6123081410458825,0.3014852209474664,0.1015101754031873,0.0236644600429722,0.0,3.0200191061144728,0.0050125313283208
bartx,0.4489795918367346,0.5789473684210527,0.3666666666666666,0.1702127659574468,0.2222222222222222,0.1379310344827586,0.326530612244898,0.4210526315789473,0.2666666666666666,0.3603759243211538,0.3001894297438065,0.2198356934992522,0.1569868191262253,0.1794871794871795,5.388195414275814,0.0213815789473684
bartx,0.4827586206896551,0.7,0.3684210526315789,0.3703703703703704,0.5555555555555556,0.2777777777777778,0.4827586206896551,0.7,0.3684210526315789,0.2622444083188109,0.2325993882479888,0.2076780252214186,0.187775547804366,0.1739130434782608,6.6858944422792685,0.0473684210526315
bartx,0.5416666666666666,0.7222222222222222,0.4333333333333333,0.4347826086956522,0.5882352941176471,0.3448275862068966,0.5416666666666666,0.7222222222222222,0.4333333333333333,0.3921873462418735,0.3524002241593646,0.2894716127023352,0.2611677216825513,0.2702702702702703,6.96694255411878,0.0213903743315508
bartx,0.3137254901960784,0.4444444444444444,0.2424242424242424,0.1224489795918367,0.1764705882352941,0.09375,0.2745098039215686,0.3888888888888889,0.2121212121212121,0.3775774290209486,0.2733667850708667,0.1671520902755909,0.1216749467257857,0.1025641025641025,6.96694255411878,0.0303030303030303
bartx,0.1538461538461538,0.25,0.1111111111111111,0.0,0.0,0.0,0.1153846153846153,0.1875,0.0833333333333333,0.1387025034019892,0.0866265634981782,0.0409647393609162,0.0257018152360961,0.0714285714285714,10.751013186076356,0.0098684210526315
bartx,0.125,0.125,0.125,0.0,0.0,0.0,0.125,0.125,0.125,0.5342580363834166,0.1872366767825939,0.0899953376795594,0.0405949118554563,0.0384615384615384,4.0551999668446745,0.0317460317460317
bartx,0.4444444444444445,0.5555555555555556,0.3703703703703703,0.0930232558139535,0.1176470588235294,0.0769230769230769,0.3555555555555555,0.4444444444444444,0.2962962962962963,0.4526983470802296,0.3732451677967607,0.2544853416796095,0.1713880872536146,0.1282051282051282,5.839854501207305,0.0254901960784313
bartx,0.3529411764705882,0.4736842105263157,0.28125,0.0816326530612244,0.1111111111111111,0.064516129032258,0.2352941176470588,0.3157894736842105,0.1875,0.3963283316999011,0.2738305656068976,0.1871974986205265,0.1418021052050488,0.1463414634146341,5.679380189790732,0.0223285486443381
bartx,0.3255813953488372,0.5,0.2413793103448276,0.0975609756097561,0.1538461538461538,0.0714285714285714,0.2790697674418604,0.4285714285714285,0.2068965517241379,0.3092680561260351,0.1936190851705229,0.1042762360293375,0.0718054081012146,0.1025641025641025,11.342666690780044,0.01890756302521
bartx,0.2448979591836734,0.3,0.2068965517241379,0.0425531914893617,0.0526315789473684,0.0357142857142857,0.2448979591836734,0.3,0.2068965517241379,0.550465134750683,0.3536137555021071,0.1782680916167647,0.1048563011106942,0.0681818181818181,4.711470182590742,0.014516129032258
bartx,0.3255813953488372,0.5384615384615384,0.2333333333333333,0.1951219512195122,0.3333333333333333,0.1379310344827586,0.2790697674418604,0.4615384615384615,0.2,0.1613836853727711,0.131530258273059,0.0906949636805655,0.0767418923450939,0.1428571428571428,13.24120201915652,0.0188172043010752
bartx,0.3773584905660377,0.625,0.2702702702702703,0.196078431372549,0.3333333333333333,0.1388888888888889,0.2264150943396226,0.375,0.1621621621621621,0.2146933752375231,0.1609928733860732,0.1201872004918191,0.0927921497130489,0.1304347826086956,15.38408192073893,0.0195121951219512
bartx,0.2807017543859648,0.3478260869565217,0.2352941176470588,0.0363636363636363,0.0454545454545454,0.0303030303030303,0.2456140350877193,0.3043478260869565,0.2058823529411764,0.4964696499543022,0.3576938296157657,0.2058776079361964,0.1481288315703602,0.1632653061224489,4.385312414933268,0.0102301790281329
bartx,0.0,0.0,0.0,0.0,0.0,0.0,0.0,0.0,0.0,0.3528307981616437,0.0458001516844441,0.002381607887591,0.002480841549574,0.0,9.487735836358526,0.0
bartx,0.12,0.1428571428571428,0.1034482758620689,0.0,0.0,0.0,0.08,0.0952380952380952,0.0689655172413793,0.61964523259636,0.3591961456705249,0.1615087477107492,0.0729705555771617,0.0454545454545454,5.916693590664329,0.0086805555555555
bartx,0.3103448275862069,0.4736842105263157,0.2307692307692307,0.0357142857142857,0.0555555555555555,0.0263157894736842,0.2413793103448276,0.3684210526315789,0.1794871794871795,0.1968863972435439,0.1486406424867991,0.0971811063317492,0.0669573172812052,0.1111111111111111,11.25770329410874,0.0125858123569794
bartx,0.4444444444444445,0.4545454545454545,0.4347826086956521,0.2790697674418604,0.2857142857142857,0.2727272727272727,0.4,0.4090909090909091,0.391304347826087,0.724577647405106,0.5462422982099193,0.3915017487319525,0.3345459858514566,0.25,2.9769791874949707,0.0189393939393939
bartx,0.2926829268292683,0.3529411764705882,0.25,0.0,0.0,0.0,0.2439024390243902,0.2941176470588235,0.2083333333333333,0.4834862403043988,0.3171259140753359,0.1779428740089385,0.1283859119833611,0.1081081081081081,6.879675110859334,0.0105820105820105
bartx,0.6666666666666667,0.7647058823529411,0.5909090909090909,0.3783783783783783,0.4375,0.3333333333333333,0.6666666666666667,0.7647058823529411,0.5909090909090909,0.5830919009841838,0.5005353249042449,0.4282226920827846,0.366464425042787,0.3,4.953032424395115,0.0333333333333333
bartx,0.1935483870967742,0.1764705882352941,0.2142857142857142,0.0,0.0,0.0,0.1290322580645161,0.1176470588235294,0.1428571428571428,0.6982758620689655,0.3565217391304348,0.1666666666666666,0.0707964601769911,0.1111111111111111,2.718281828459045,0.0177777777777777
bartx,0.4,0.625,0.2941176470588235,0.2608695652173912,0.4285714285714285,0.1875,0.3199999999999999,0.5,0.2352941176470588,0.2298764503128267,0.1761553233375465,0.1473299067914025,0.1227749223261688,0.1904761904761904,9.487735836358526,0.0416666666666666
bartx,0.4827586206896551,0.7,0.3684210526315789,0.3703703703703704,0.5555555555555556,0.2777777777777778,0.4827586206896551,0.7,0.3684210526315789,0.2622444083188109,0.2325993882479888,0.2076780252214186,0.187775547804366,0.1739130434782608,6.6858944422792685,0.0473684210526315
bartx,0.2295081967213114,0.3333333333333333,0.175,0.0677966101694915,0.1,0.0512820512820512,0.2295081967213114,0.3333333333333333,0.175,0.2213441469537503,0.1435196362549445,0.071282273484845,0.0503965673537854,0.0943396226415094,8.166169912567652,0.0103656033109363
bartx,0.4333333333333333,0.6842105263157895,0.3170731707317073,0.3103448275862069,0.5,0.225,0.3999999999999999,0.631578947368421,0.2926829268292683,0.1308159106719679,0.1094916869887631,0.081524461704277,0.0731359201204012,0.1568627450980392,13.614169305918724,0.0130023640661938
bartx,0.3243243243243243,0.3157894736842105,0.3333333333333333,0.1142857142857142,0.1111111111111111,0.1176470588235294,0.2702702702702702,0.2631578947368421,0.2777777777777778,0.7541516039905024,0.3617687644885133,0.1826932260666992,0.1262632609711371,0.064516129032258,2.8735711389416427,0.0204678362573099
bartx,0.1025641025641025,0.074074074074074,0.1666666666666666,0.0,0.0,0.0,0.0512820512820512,0.037037037037037,0.0833333333333333,0.3815789473684211,0.1655629139072847,0.0466666666666666,0.0067114093959731,0.0303030303030303,1.618470360838402,0.0056980056980056
bartx,0.2790697674418604,0.4,0.2142857142857142,0.048780487804878,0.0714285714285714,0.037037037037037,0.1860465116279069,0.2666666666666666,0.1428571428571428,0.3543617692490955,0.2240817070251634,0.1269796339809259,0.0688443798691767,0.05,7.898451018707167,0.0172043010752688
bartx,0.238095238095238,0.3333333333333333,0.1851851851851851,0.0,0.0,0.0,0.1904761904761904,0.2666666666666666,0.1481481481481481,0.4158450944589656,0.2222111840041183,0.146478620591775,0.0888424677067505,0.1111111111111111,7.936152384138449,0.0147783251231527
bartx,0.4102564102564102,0.5333333333333333,0.3333333333333333,0.054054054054054,0.0714285714285714,0.0434782608695652,0.2051282051282051,0.2666666666666666,0.1666666666666666,0.3676002623962314,0.2879694523083205,0.2112734139666761,0.1529217091568323,0.1875,5.29449005047003,0.032
bartx,0.2553191489361702,0.4285714285714285,0.1818181818181818,0.0888888888888888,0.1538461538461538,0.0625,0.2553191489361702,0.4285714285714285,0.1818181818181818,0.2764530466295644,0.1891520845360177,0.1068951780300982,0.0784528916110926,0.0697674418604651,13.084503243246594,0.0138888888888888
bartx,0.3720930232558139,0.5,0.2962962962962963,0.2439024390243902,0.3333333333333333,0.1923076923076923,0.3720930232558139,0.5,0.2962962962962963,0.4270041258422213,0.3188290440607989,0.20827648795451,0.1704781623627656,0.1714285714285714,7.38905609893065,0.02
pegasusx,0.339622641509434,0.4736842105263157,0.2647058823529412,0.1176470588235294,0.1666666666666666,0.0909090909090909,0.2641509433962264,0.3684210526315789,0.2058823529411764,0.3439131976071112,0.2551152038470242,0.1784591592625135,0.1419758245553469,0.1363636363636363,6.309808094394382,0.0165413533834586
pegasusx,0.5925925925925927,0.64,0.5517241379310345,0.3846153846153846,0.4166666666666667,0.3571428571428571,0.5185185185185185,0.56,0.4827586206896552,0.6659316946224179,0.5226145489846116,0.4070942732853138,0.3649475525136636,0.238095238095238,3.4556134647626755,0.024516129032258
pegasusx,0.380952380952381,0.5,0.3076923076923077,0.1,0.1333333333333333,0.08,0.1428571428571428,0.1875,0.1153846153846153,0.3507687694890496,0.2380396384050509,0.1576626176449038,0.1285361902888172,0.2285714285714285,9.154867584495468,0.0184331797235023
pegasusx,0.1052631578947368,0.1818181818181818,0.074074074074074,0.0,0.0,0.0,0.0526315789473684,0.0909090909090909,0.037037037037037,0.1038028563362826,0.0625049457508798,0.0218383058412397,0.0080735554928219,0.027027027027027,16.444646771097048,0.0035714285714285
pegasusx,0.2222222222222222,0.1428571428571428,0.5,0.125,0.0769230769230769,0.3333333333333333,0.2222222222222222,0.1428571428571428,0.5,0.2340425531914893,0.1935483870967742,0.1521739130434782,0.1318681318681318,0.1176470588235294,1.4292400324179777,0.0428571428571428
pegasusx,0.2580645161290323,0.2352941176470588,0.2857142857142857,0.1379310344827586,0.125,0.1538461538461538,0.2580645161290323,0.2352941176470588,0.2857142857142857,0.6122448979591837,0.2989690721649484,0.1979166666666666,0.1789473684210526,0.1111111111111111,2.398875293967098,0.0178571428571428
pegasusx,0.5098039215686275,0.8125,0.3714285714285714,0.2040816326530612,0.3333333333333333,0.1470588235294117,0.3137254901960784,0.5,0.2285714285714285,0.2058493013546063,0.1834278394117674,0.1429319069206402,0.1141685200790253,0.2,10.099642225480054,0.0354729729729729
pegasusx,0.3214285714285714,0.2647058823529412,0.4090909090909091,0.037037037037037,0.0303030303030303,0.0476190476190476,0.2857142857142857,0.2352941176470588,0.3636363636363636,0.5573770491803278,0.3791208791208791,0.2154696132596685,0.1555555555555555,0.1627906976744186,2.0860954597729995,0.0270588235294117
pegasusx,0.0909090909090909,0.0526315789473684,0.3333333333333333,0.0,0.0,0.0,0.0909090909090909,0.0526315789473684,0.3333333333333333,0.1555555555555555,0.0561797752808988,0.0227272727272727,0.0011494252873563,0.0,1.248848869001682,0.0
pegasusx,0.8421052631578947,0.9411764705882352,0.7619047619047619,0.7222222222222223,0.8125,0.65,0.8421052631578947,0.9411764705882352,0.7619047619047619,0.7807139649793587,0.7458373497258614,0.7014263856353615,0.6648937613835197,0.4782608695652174,4.3347618261852086,0.0484848484848484
pegasusx,0.3555555555555555,0.4444444444444444,0.2962962962962963,0.1395348837209302,0.1764705882352941,0.1153846153846153,0.3111111111111111,0.3888888888888889,0.2592592592592592,0.4512143236350575,0.3125593914907104,0.1872343978604206,0.1296604825918839,0.0789473684210526,5.19168768010465,0.0315126050420168
pegasusx,0.2666666666666666,0.24,0.3,0.1395348837209302,0.125,0.1578947368421052,0.1333333333333333,0.12,0.15,0.8164027482341788,0.4537326322434502,0.2118880247191635,0.1282480149615989,0.073170731707317,2.4108997064172097,0.0163636363636363
pegasusx,0.392156862745098,0.6666666666666666,0.2777777777777778,0.1224489795918367,0.2142857142857142,0.0857142857142857,0.2745098039215686,0.4666666666666667,0.1944444444444444,0.2565578286716027,0.2259405142417023,0.1733851614450372,0.1486221361042062,0.1777777777777777,13.463738035001692,0.0153846153846153
pegasusx,0.1224489795918367,0.1153846153846153,0.1304347826086956,0.0,0.0,0.0,0.1224489795918367,0.1153846153846153,0.1304347826086956,0.7418202497377003,0.4142096488712551,0.1832393128175043,0.0827043757190011,0.05,2.833936307694169,0.0166666666666666
pegasusx,0.217391304347826,0.3846153846153846,0.1515151515151515,0.0454545454545454,0.0833333333333333,0.03125,0.1739130434782608,0.3076923076923077,0.1212121212121212,0.1129446604498875,0.0745168395375444,0.0307130217012852,0.0208223875940916,0.081081081081081,11.722832801304278,0.016826923076923
pegasusx,0.303030303030303,0.3846153846153846,0.25,0.064516129032258,0.0833333333333333,0.0526315789473684,0.1818181818181818,0.2307692307692307,0.15,0.2439138785358228,0.1409814207629058,0.0781392625342791,0.0617712931509602,0.1,5.432001640742895,0.0174825174825174
pegasusx,0.4,0.6666666666666666,0.2857142857142857,0.1724137931034482,0.2941176470588235,0.1219512195121951,0.2333333333333333,0.3888888888888889,0.1666666666666666,0.1696411003121921,0.1437617120253187,0.1117499947727173,0.0865864321199955,0.1956521739130435,12.182493960703471,0.0209876543209876
pegasusx,0.1176470588235294,0.1176470588235294,0.1176470588235294,0.0,0.0,0.0,0.1176470588235294,0.1176470588235294,0.1176470588235294,0.6939701299263468,0.3200763586187921,0.1135618029121787,0.0441100681532453,0.0294117647058823,3.057651259013446,0.0030959752321981
pegasusx,0.0689655172413793,0.125,0.0476190476190476,0.0,0.0,0.0,0.0689655172413793,0.125,0.0476190476190476,0.1004705836340585,0.0426273378095721,0.010268770452726,0.0078894212014846,0.037037037037037,23.16997229826248,0.0064935064935064
pegasusx,0.3571428571428571,0.4,0.3225806451612903,0.1111111111111111,0.125,0.1,0.25,0.28,0.2258064516129032,0.647884511016433,0.4248703308265441,0.2394231022438356,0.1487919478202928,0.1,4.4816890703380645,0.0110192837465564
pegasusx,0.4262295081967213,0.4482758620689655,0.40625,0.135593220338983,0.1428571428571428,0.1290322580645161,0.3278688524590164,0.3448275862068966,0.3125,0.7141798464070841,0.5255476449102964,0.3543645472379426,0.2663009878572306,0.2127659574468085,3.3678875709827434,0.01890756302521
pegasusx,0.2978723404255319,0.25,0.3684210526315789,0.0,0.0,0.0,0.2553191489361702,0.2142857142857142,0.3157894736842105,0.6510067114093959,0.4324324324324324,0.2312925170068027,0.136986301369863,0.1538461538461538,2.042727070266142,0.0125
pegasusx,0.0,0.0,0.0,0.0,0.0,0.0,0.0,0.0,0.0,0.2813871710778985,0.1332451015986519,0.0321985320138888,0.0065372777119107,0.0,5.754602676005731,0.0
pegasusx,0.2448979591836734,0.2727272727272727,0.2222222222222222,0.0425531914893617,0.0476190476190476,0.0384615384615384,0.2040816326530612,0.2272727272727272,0.1851851851851851,0.5188296757898236,0.3190865318416833,0.1429507662650741,0.0810582722017179,0.0652173913043478,4.376242485563934,0.0122887864823348
pegasusx,0.0555555555555555,0.0526315789473684,0.0588235294117647,0.0,0.0,0.0,0.0555555555555555,0.0526315789473684,0.0588235294117647,0.7142722951757468,0.3256177413795705,0.1017463146532988,0.0474113744316407,0.0,3.057651259013446,0.0
pegasusx,0.0,0.0,0.0,0.0,0.0,0.0,0.0,0.0,0.0,0.0042332498604938,0.0018672981840774,0.0004901657733203,2.5798198595807096e-05,0.0,854.0587625261516,0.0
pegasusx,0.2727272727272727,0.4285714285714285,0.2,0.0952380952380952,0.1538461538461538,0.0689655172413793,0.2727272727272727,0.4285714285714285,0.2,0.1986951860060953,0.1465998737330874,0.1146658938849792,0.0912146602425086,0.1111111111111111,13.24120201915652,0.0134408602150537
pegasusx,0.1785714285714285,0.217391304347826,0.1515151515151515,0.037037037037037,0.0454545454545454,0.03125,0.1071428571428571,0.1304347826086956,0.0909090909090909,0.3923689913897138,0.2419438440868611,0.1200275666800939,0.0780771161555396,0.0612244897959183,5.552707875605837,0.0105820105820105
pegasusx,0.6071428571428571,0.7083333333333334,0.53125,0.5185185185185185,0.6086956521739131,0.4516129032258064,0.5714285714285715,0.6666666666666666,0.5,0.6801855194577275,0.5439361773698838,0.4531006816863667,0.4086882289939391,0.3333333333333333,4.020090230697151,0.0212856495414159
pegasusx,0.6779661016949152,0.7142857142857143,0.6451612903225806,0.4912280701754386,0.5185185185185185,0.4666666666666667,0.6440677966101694,0.6785714285714286,0.6129032258064516,0.7010489692091969,0.6121441179922913,0.5550008936863702,0.5113088072743968,0.45,3.3678875709827434,0.01890756302521
pegasusx,0.1538461538461538,0.1578947368421052,0.15,0.0,0.0,0.0,0.1025641025641025,0.1052631578947368,0.1,0.5486779065639572,0.2921953348565452,0.1659556028068727,0.1179285093293573,0.0285714285714285,3.3947231870989034,0.005050505050505
pegasusx,0.6363636363636365,0.7,0.5833333333333334,0.4761904761904761,0.5263157894736842,0.4347826086956521,0.5454545454545454,0.6,0.5,0.6709014823443914,0.5453629857122412,0.4694141981186614,0.4153636693506022,0.2333333333333333,3.669296667619245,0.0634615384615384
pegasusx,0.2857142857142857,0.3636363636363636,0.2352941176470588,0.1111111111111111,0.1428571428571428,0.0909090909090909,0.2142857142857142,0.2727272727272727,0.1764705882352941,0.410477791948405,0.2771265830447919,0.1639245727586163,0.1202113533563186,0.1063829787234042,5.1364574837703465,0.0151515151515151
pegasusx,0.5000000000000001,0.65,0.40625,0.1999999999999999,0.2631578947368421,0.1612903225806451,0.3846153846153846,0.5,0.3125,0.4193491485594615,0.3461401660675844,0.2483418334326161,0.1879343604354933,0.2093023255813953,6.359819522601832,0.0283783783783783
pegasusx,0.2105263157894737,0.2857142857142857,0.1666666666666666,0.0363636363636363,0.05,0.0285714285714285,0.175438596491228,0.238095238095238,0.1388888888888889,0.3844665199639051,0.215039464006214,0.0852273981870393,0.0390856168633743,0.08,6.0496474644129465,0.0138888888888888
pegasusx,0.2307692307692307,0.3157894736842105,0.1818181818181818,0.04,0.0555555555555555,0.03125,0.1153846153846153,0.1578947368421052,0.0909090909090909,0.3699204494531493,0.2561748567068601,0.1292625423750211,0.0820030625966403,0.0869565217391304,5.986300952398289,0.0123839009287925
pegasusx,0.0555555555555555,0.0909090909090909,0.04,0.0,0.0,0.0,0.0555555555555555,0.0909090909090909,0.04,0.102044229856859,0.0381929115983315,0.0086505312594511,0.000220503737986,0.0,48.182698291098816,0.0
pegasusx,0.2641509433962264,0.3684210526315789,0.2058823529411764,0.0784313725490196,0.1111111111111111,0.0606060606060606,0.2264150943396226,0.3157894736842105,0.1764705882352941,0.3209772157933578,0.2003402734530452,0.1030216282219516,0.063187099233799,0.0666666666666666,6.989747583066734,0.0154680255298199
pegasusx,0.2,0.1904761904761904,0.2105263157894736,0.0526315789473684,0.05,0.0555555555555555,0.2,0.1904761904761904,0.2105263157894736,0.5330753208023273,0.2862413852964109,0.1872282206894043,0.1462662023767374,0.088235294117647,2.718281828459045,0.0158730158730158
pegasusx,0.28,0.4375,0.2058823529411764,0.0,0.0,0.0,0.1599999999999999,0.25,0.1176470588235294,0.2524845168336193,0.201870790092999,0.1303450580239961,0.0973779348865571,0.1162790697674418,8.912902981198737,0.0196428571428571
pegasusx,0.2142857142857142,0.25,0.1875,0.1111111111111111,0.1304347826086956,0.0967741935483871,0.2142857142857142,0.25,0.1875,0.5707503469808772,0.378743014352586,0.183992719829605,0.1310774596434807,0.0980392156862745,4.783714760858212,0.0084541062801932
pegasusx,0.24,0.3,0.2,0.0416666666666666,0.0526315789473684,0.0344827586206896,0.16,0.2,0.1333333333333333,0.3937015290052843,0.2799425501251961,0.1475175525007555,0.1034775199921124,0.1363636363636363,5.388195414275814,0.0098684210526315
pegasusx,0.4489795918367347,0.6111111111111112,0.3548387096774194,0.2127659574468084,0.2941176470588235,0.1666666666666666,0.3673469387755102,0.5,0.2903225806451613,0.4298054779170377,0.3478465891772672,0.2602251998638951,0.2043067868952384,0.2631578947368421,5.596952326708894,0.0197132616487455
pegasusx,0.0930232558139534,0.1428571428571428,0.0689655172413793,0.0,0.0,0.0,0.0930232558139534,0.1428571428571428,0.0689655172413793,0.294375283683665,0.177170309624428,0.0824140541399024,0.0507351341197225,0.054054054054054,11.722832801304278,0.0072115384615384
pegasusx,0.3773584905660377,0.5555555555555556,0.2857142857142857,0.1568627450980392,0.2352941176470588,0.1176470588235294,0.3396226415094339,0.5,0.2571428571428571,0.3896544302516014,0.2892922668915373,0.1947523103910349,0.1534108298486211,0.175,7.38905609893065,0.0185185185185185
pegasusx,0.0,0.0,0.0,0.0,0.0,0.0,0.0,0.0,0.0,0.0053915330309863,0.0025841075473958,0.0004479119748819,2.332874869176796e-05,0.0,3827.6258214399054,0.0
pegasusx,0.1632653061224489,0.2222222222222222,0.1290322580645161,0.0,0.0,0.0,0.1224489795918367,0.1666666666666666,0.0967741935483871,0.3227447305312912,0.1858402170161604,0.0918536261882072,0.0591017776584727,0.048780487804878,7.38905609893065,0.013671875
pegasusx,0.1153846153846153,0.1764705882352941,0.0857142857142857,0.0,0.0,0.0,0.0769230769230769,0.1176470588235294,0.0571428571428571,0.3699204494531493,0.208599526175586,0.1144896803893044,0.0559111790431639,0.0588235294117647,8.815139034674285,0.0047694753577106
pegasusx,0.2040816326530612,0.3571428571428571,0.1428571428571428,0.0851063829787234,0.1538461538461538,0.0588235294117647,0.2040816326530612,0.3571428571428571,0.1428571428571428,0.20201390315533,0.1420571392154398,0.0857327296317742,0.0663408026912538,0.0222222222222222,17.22141807638286,0.0062370062370062
pegasusx,0.2105263157894737,0.25,0.1818181818181818,0.0555555555555555,0.0666666666666666,0.0476190476190476,0.2105263157894737,0.25,0.1818181818181818,0.6498869905468382,0.3545304170878119,0.1447398247980155,0.0923287724501025,0.054054054054054,4.21015725614396,0.0108695652173913
pegasusx,0.2647058823529412,0.391304347826087,0.2,0.0909090909090909,0.1363636363636363,0.0681818181818181,0.2058823529411765,0.3043478260869565,0.1555555555555555,0.3319458134155743,0.2351403429818257,0.127643413200891,0.0704729148995551,0.0689655172413793,6.773672985357037,0.0108695652173913
pegasusx,0.0952380952380952,0.1818181818181818,0.064516129032258,0.0,0.0,0.0,0.0476190476190476,0.0909090909090909,0.032258064516129,0.1076682499904107,0.0757173472335161,0.0385470131370627,0.0247963242402158,0.05,21.997066221749325,0.0053475935828877
pegasusx,0.1951219512195122,0.2666666666666666,0.1538461538461538,0.0512820512820512,0.0714285714285714,0.04,0.1951219512195122,0.2666666666666666,0.1538461538461538,0.4890157821670497,0.2744196308457069,0.1386099155802295,0.0952264409718195,0.0789473684210526,6.0496474644129465,0.0098765432098765
pegasusx,0.5970149253731344,0.6896551724137931,0.5263157894736842,0.3076923076923077,0.3571428571428571,0.2702702702702703,0.5373134328358208,0.6206896551724138,0.4736842105263157,0.5571312951576296,0.4817376010065883,0.3901985430850547,0.3279544367779743,0.32,4.3347618261852086,0.0174242424242424
pegasusx,0.3448275862068965,0.3333333333333333,0.3571428571428571,0.0,0.0,0.0,0.2758620689655172,0.2666666666666666,0.2857142857142857,0.7270010792854089,0.4529775955547548,0.2981624679600917,0.1974517724213033,0.2,3.3678875709827434,0.0210084033613445
pegasusx,0.4255319148936171,0.5555555555555556,0.3448275862068966,0.1333333333333333,0.1764705882352941,0.1071428571428571,0.2978723404255319,0.3888888888888889,0.2413793103448276,0.4013937734256761,0.3009868860137204,0.2148033142957323,0.1801105525906103,0.1707317073170731,6.989747583066734,0.0142857142857142
pegasusx,0.2909090909090908,0.3809523809523809,0.2352941176470588,0.0754716981132075,0.1,0.0606060606060606,0.2545454545454545,0.3333333333333333,0.2058823529411764,0.4518119906100876,0.3273047495613315,0.1755365245815268,0.1264928179664605,0.1276595744680851,6.0496474644129465,0.0152777777777777
pegasusx,0.0384615384615384,0.0454545454545454,0.0333333333333333,0.0,0.0,0.0,0.0384615384615384,0.0454545454545454,0.0333333333333333,0.5732782384508294,0.3060059023136375,0.1093811420271944,0.0250434937974721,0.0208333333333333,4.376242485563934,0.0046082949308755
pegasusx,0.2745098039215686,0.4117647058823529,0.2058823529411764,0.0816326530612245,0.125,0.0606060606060606,0.1568627450980392,0.2352941176470588,0.1176470588235294,0.3369434417623191,0.2102648818664395,0.1196863287959823,0.0818886139923479,0.125,7.38905609893065,0.01953125
pegasusx,0.2758620689655172,0.1904761904761904,0.5,0.074074074074074,0.05,0.1428571428571428,0.1379310344827586,0.0952380952380952,0.25,0.4361702127659574,0.2795698924731182,0.1739130434782608,0.1428571428571428,0.12,1.5350630092552098,0.0211640211640211
t5,0.7796610169491525,1.0,0.6388888888888888,0.7719298245614035,1.0,0.6285714285714286,0.7796610169491525,1.0,0.6388888888888888,0.5460222564160362,0.539021971077369,0.5354540837112096,0.5318398601454898,0.5277777777777778,5.450199284189919,0.0312151616499442
t5,0.5714285714285715,1.0,0.4,0.5384615384615384,1.0,0.3684210526315789,0.5714285714285715,1.0,0.4,0.1988141887380742,0.1910175538856006,0.1868853374137897,0.1825844590451701,0.3043478260869565,25.083800069814448,0.0344827586206896
t5,1.0,1.0,1.0,1.0,1.0,1.0,1.0,1.0,1.0,0.9887641638186618,0.9775282074116316,0.971813921010342,0.966033953156164,0.8064516129032258,2.9272811997550834,0.0332056194125159
t5,0.8571428571428571,1.0,0.75,0.85,1.0,0.7391304347826086,0.8571428571428571,1.0,0.75,0.7030122567645821,0.6894927902883401,0.6825361716160991,0.6754431486561672,0.56,4.351794267285522,0.0447058823529411
t5,0.925925925925926,0.9615384615384616,0.8928571428571429,0.8846153846153846,0.92,0.8518518518518519,0.925925925925926,0.9615384615384616,0.8928571428571429,0.9170183017295224,0.8895739328129668,0.8837673972977445,0.8778929490864377,0.7419354838709677,3.1703631948880653,0.0346153846153846
t5,1.0,1.0,1.0,1.0,1.0,1.0,1.0,1.0,1.0,0.9893049153303822,0.9786097270565404,0.9731749438847782,0.9676807641756198,0.7931034482758621,2.935632923626452,0.0384615384615384
t5,0.9333333333333332,0.9655172413793104,0.9032258064516128,0.896551724137931,0.9285714285714286,0.8666666666666667,0.9333333333333332,0.9655172413793104,0.9032258064516128,0.8910098775116811,0.8711830651217658,0.8660681645500281,0.860896114251232,0.8,3.014543098357587,0.0377155172413793
t5,0.5238095238095238,1.0,0.3548387096774194,0.5,1.0,0.3333333333333333,0.5238095238095238,1.0,0.3548387096774194,0.1470964673929768,0.1450246861620898,0.1449950892873629,0.1449646345322091,0.3636363636363636,13.67247401059599,0.0294117647058823
t5,0.8750000000000001,1.0,0.7777777777777778,0.8695652173913044,1.0,0.7692307692307693,0.8750000000000001,1.0,0.7777777777777778,0.7269006144126069,0.7142588645967355,0.707771650875433,0.7011696192121606,0.6071428571428571,4.172733883598096,0.0412698412698412
t5,0.7777777777777777,0.84,0.7241379310344828,0.6923076923076924,0.75,0.6428571428571429,0.5185185185185185,0.56,0.4827586206896552,0.8179924620650847,0.7030060931119356,0.6619157394181835,0.6405243479446059,0.5,3.5966397255692817,0.0275
t5,0.8518518518518519,1.0,0.7419354838709677,0.846153846153846,1.0,0.7333333333333333,0.8518518518518519,1.0,0.7419354838709677,0.7304441069730735,0.7257315643474408,0.7257009634213003,0.7256699624830534,0.6774193548387096,4.298788906309526,0.0357142857142857
t5,0.7647058823529411,0.896551724137931,0.6666666666666666,0.7272727272727273,0.8571428571428571,0.631578947368421,0.7647058823529411,0.896551724137931,0.6666666666666666,0.6405047189232678,0.6066940549853737,0.5869345895849093,0.5815409017936085,0.5526315789473685,4.085350014099109,0.0263940183046134
t5,1.0,1.0,1.0,1.0,1.0,1.0,1.0,1.0,1.0,0.9828084500256012,0.9656664421763176,0.954071360843566,0.942339866789253,0.7777777777777778,2.9769791874949707,0.0269360269360269
t5,0.8727272727272727,1.0,0.7741935483870968,0.8301886792452831,0.9565217391304348,0.7333333333333333,0.8727272727272727,1.0,0.7741935483870968,0.6627565719162645,0.6532886208888893,0.6436844403503288,0.6339410687894704,0.59375,4.198732141709943,0.0355731225296442
t5,0.923076923076923,1.0,0.8571428571428571,0.9166666666666666,1.0,0.8461538461538461,0.923076923076923,1.0,0.8571428571428571,0.7896929253995968,0.7563256186925715,0.7332862878710542,0.7095791503590579,0.4736842105263157,4.123352997269821,0.0539215686274509
t5,0.5116279069767442,1.0,0.34375,0.4390243902439024,0.9,0.2903225806451613,0.5116279069767442,1.0,0.34375,0.1604477019526745,0.1569972137386385,0.1552157116716091,0.1533950557129965,0.2564102564102564,30.46768661252054,0.0223577235772357
t5,0.8292682926829268,1.0,0.7083333333333334,0.8205128205128205,1.0,0.6956521739130435,0.8292682926829268,1.0,0.7083333333333334,0.6572815213020472,0.6513600661551819,0.6513062347447559,0.6512514156020285,0.6153846153846154,4.4816890703380645,0.0411522633744856
t5,0.9523809523809524,0.9375,0.967741935483871,0.918032786885246,0.9032258064516128,0.9333333333333332,0.9523809523809524,0.9375,0.967741935483871,0.9395028698292264,0.9005525891335718,0.8833882690883913,0.8660300019240564,0.6388888888888888,2.899435691826718,0.0312805474095796
t5,1.0,1.0,1.0,1.0,1.0,1.0,1.0,1.0,1.0,0.994579959104214,0.98914509593971,0.9891152340541908,0.9890850422030856,0.8846153846153846,2.817117744102729,0.0504926108374384
t5,0.8292682926829268,1.0,0.7083333333333334,0.7692307692307693,0.9375,0.6521739130434783,0.8292682926829268,1.0,0.7083333333333334,0.5516576710604328,0.5420636246072079,0.5323012615495405,0.5223661133050116,0.5714285714285714,4.4816890703380645,0.0329218106995884
t5,0.923076923076923,1.0,0.8571428571428571,0.9206349206349206,1.0,0.8529411764705882,0.923076923076923,1.0,0.8571428571428571,0.7765660621304088,0.7720772409620249,0.7720511431645343,0.7720247401296462,0.7567567567567568,3.406912485290392,0.0271646859083191
t5,1.0,1.0,1.0,1.0,1.0,1.0,1.0,1.0,1.0,0.9849626915252324,0.9699632596745944,0.9598360922516296,0.9496050564448396,0.75,3.025701172372359,0.032258064516129
t5,1.0,1.0,1.0,1.0,1.0,1.0,1.0,1.0,1.0,0.981424687747777,0.9629072408091396,0.9503669444646196,0.93766689912208,0.7419354838709677,3.050741315609528,0.03315649867374
t5,0.9615384615384616,0.9615384615384616,0.9615384615384616,0.92,0.92,0.92,0.9615384615384616,0.9615384615384616,0.9615384615384616,0.9701515036966302,0.9583203877978907,0.9522959545488394,0.9402085560516724,0.7037037037037037,2.944679551065524,0.0444444444444444
t5,0.3333333333333333,0.2592592592592592,0.4666666666666667,0.25,0.1923076923076923,0.3571428571428571,0.3333333333333333,0.2592592592592592,0.4666666666666667,0.3006134969325152,0.2469135802469135,0.2422360248447204,0.2375,0.4444444444444444,1.3956124250860895,0.0325520833333333
t5,1.0,1.0,1.0,1.0,1.0,1.0,1.0,1.0,1.0,0.9801986733067553,0.9601946187494744,0.9597778676128644,0.9593433823853348,0.75,3.0041660239464334,0.0818181818181818
t5,0.7058823529411764,1.0,0.5454545454545454,0.6875000000000001,1.0,0.5238095238095238,0.7058823529411764,1.0,0.5454545454545454,0.4869897540064735,0.4749653156359433,0.4687276382312308,0.4623320449428546,0.3461538461538461,8.862405082778215,0.0416666666666666
t5,0.8275862068965517,0.96,0.7272727272727273,0.7142857142857143,0.8333333333333334,0.625,0.793103448275862,0.92,0.696969696969697,0.7137473226316406,0.6927310631061169,0.671467553468528,0.6457043497311884,0.4871794871794871,4.220695816996552,0.0277777777777777
t5,0.96,1.0,0.9230769230769232,0.9315068493150684,0.9714285714285714,0.8947368421052632,0.96,1.0,0.9230769230769232,0.894037086044713,0.8796029458997031,0.868671867513324,0.8576522783707798,0.7045454545454546,3.374395564265852,0.0216216216216216
t5,0.6111111111111112,1.0,0.44,0.5882352941176471,1.0,0.4166666666666667,0.6111111111111112,1.0,0.44,0.249559054231037,0.2457778564396577,0.2457196841659441,0.245659694008677,0.3571428571428571,13.962339040785402,0.0344827586206896
t5,1.0,1.0,1.0,1.0,1.0,1.0,1.0,1.0,1.0,0.976064857431347,0.9600003356850052,0.9517380377139456,0.9433391728342736,0.7037037037037037,2.9769791874949707,0.0378787878787878
t5,1.0,1.0,1.0,1.0,1.0,1.0,1.0,1.0,1.0,0.9950860049987148,0.9901598366571372,0.9901353283569304,0.9901105749737212,0.918918918918919,2.794848155046965,0.027027027027027
t5,0.9189189189189187,1.0,0.85,0.9142857142857144,1.0,0.8421052631578947,0.9189189189189187,1.0,0.85,0.8268907930373276,0.8131092798200388,0.8060448066582353,0.7988605966631809,0.64,3.7936678946831774,0.037037037037037
t5,0.8372093023255813,1.0,0.72,0.8292682926829268,1.0,0.7083333333333334,0.8372093023255813,1.0,0.72,0.6425518967598274,0.6363135288301203,0.6362523683602213,0.6361899967919082,0.6153846153846154,4.615461046534315,0.0384615384615384
t5,0.8518518518518519,1.0,0.7419354838709677,0.846153846153846,1.0,0.7333333333333333,0.8518518518518519,1.0,0.7419354838709677,0.6514184321813135,0.6461237031645437,0.6460389767413645,0.6459528726527678,0.59375,4.2825364156626256,0.0359836308593242
t5,0.7777777777777777,0.875,0.7,0.6250000000000001,0.7142857142857143,0.5555555555555556,0.7777777777777777,0.875,0.7,0.8364643072929833,0.8060474233914202,0.7899940679989286,0.773334925610494,0.4166666666666667,4.172733883598096,0.0857142857142857
t5,0.8070175438596492,0.8846153846153846,0.7419354838709677,0.7272727272727272,0.8,0.6666666666666666,0.8070175438596492,0.8846153846153846,0.7419354838709677,0.8153768527223353,0.7647313773515165,0.7247109523298754,0.7069391776742165,0.5757575757575758,3.347900166492527,0.0318809080637663
t5,0.888888888888889,1.0,0.8,0.8837209302325582,1.0,0.7916666666666666,0.888888888888889,1.0,0.8,0.7421190425087646,0.7289841921988749,0.7222408538701369,0.7153760139498903,0.5714285714285714,4.239496212782251,0.0341880341880341
t5,1.0,1.0,1.0,1.0,1.0,1.0,1.0,1.0,1.0,0.9938080693803776,0.9875967689467504,0.9875577041641488,0.9875181448906284,0.8571428571428571,2.844691271310184,0.0592885375494071
t5,0.7777777777777778,1.0,0.6363636363636364,0.7714285714285715,1.0,0.627906976744186,0.7777777777777778,1.0,0.6363636363636364,0.5673125345545486,0.5581623323843139,0.5550463175912069,0.551896433072088,0.5681818181818182,5.552707875605837,0.0223830109703746
t5,0.5416666666666667,0.5909090909090909,0.5,0.5217391304347826,0.5714285714285714,0.48,0.5416666666666667,0.5909090909090909,0.5,0.8016101741856599,0.614539313706725,0.5279368628119558,0.4950892169248552,0.4285714285714285,3.5705772333219383,0.0357142857142857
t5,1.0,1.0,1.0,1.0,1.0,1.0,1.0,1.0,1.0,0.982609137827942,0.9650625460810144,0.9647435171401612,0.9644126723126096,0.7,3.080216848918031,0.1111111111111111
t5,0.8085106382978724,1.0,0.6785714285714286,0.8,1.0,0.6666666666666666,0.8085106382978724,1.0,0.6785714285714286,0.5688704425005227,0.5639663869617251,0.5639237430005182,0.5638803508996408,0.5806451612903226,4.849848020218827,0.031578947368421
t5,0.7083333333333333,1.0,0.5483870967741935,0.6956521739130436,1.0,0.5333333333333333,0.7083333333333333,1.0,0.5483870967741935,0.5213278592348675,0.5116736396194069,0.5067111902843572,0.5016551098297781,0.4193548387096774,7.38905609893065,0.0432525951557093
t5,0.9803921568627452,1.0,0.9615384615384616,0.9387755102040816,0.9583333333333334,0.92,0.9803921568627452,1.0,0.9615384615384616,0.9335600409171108,0.92768859411889,0.9217428252092994,0.9157213140206056,0.84,2.9545115270921065,0.0448717948717948
t5,0.7777777777777778,1.0,0.6363636363636364,0.7307692307692308,0.95,0.59375,0.7777777777777778,1.0,0.6363636363636364,0.550338232151649,0.5387926748337822,0.5270845040325652,0.5152102598866501,0.5588235294117647,6.160647084304639,0.0295454545454545
t5,0.9777777777777776,1.0,0.9565217391304348,0.9302325581395348,0.9523809523809524,0.9090909090909092,0.9777777777777776,1.0,0.9565217391304348,0.8869204367171574,0.8726152683830097,0.8580774956857051,0.8433013988458217,0.64,3.490342957461841,0.05
t5,0.9387755102040816,1.0,0.8846153846153846,0.8936170212765958,0.9545454545454546,0.84,0.9387755102040816,1.0,0.8846153846153846,0.8416308400672835,0.8357861814557052,0.8298597793670418,0.8238499068264254,0.75,3.37836310709448,0.0372670807453416
t5,0.8979591836734693,1.0,0.8148148148148148,0.8936170212765957,1.0,0.8076923076923077,0.8979591836734693,1.0,0.8148148148148148,0.7878155604501209,0.781613779402169,0.7815176162895457,0.7814199387971961,0.6551724137931034,3.617250785229937,0.0317460317460317
t5,0.927536231884058,0.9411764705882352,0.9142857142857144,0.8358208955223881,0.8484848484848485,0.8235294117647058,0.927536231884058,0.9411764705882352,0.9142857142857144,0.9249928058282474,0.9017585489654336,0.8875906481835485,0.8686131987382086,0.7058823529411765,2.9769791874949707,0.0387205387205387
t5,0.735294117647059,0.7352941176470589,0.7352941176470589,0.6363636363636364,0.6363636363636364,0.6363636363636364,0.6470588235294118,0.6470588235294118,0.6470588235294118,0.902306512455233,0.7491694974290776,0.7071036094873897,0.6800358437177874,0.5365853658536586,2.961554459463227,0.0240601503759398
t5,0.9444444444444444,0.8947368421052632,1.0,0.9411764705882352,0.8888888888888888,1.0,0.9444444444444444,0.8947368421052632,1.0,0.896551724137931,0.875,0.8671328671328671,0.8591549295774648,0.7727272727272727,2.5918734458148744,0.0428571428571428
t5,0.6,0.6136363636363636,0.5869565217391305,0.4772727272727272,0.4883720930232558,0.4666666666666667,0.5777777777777778,0.5909090909090909,0.5652173913043478,0.8864468864468864,0.6948529411764706,0.5719557195571956,0.5259259259259259,0.475,3.045412511174124,0.0352504638218923
t5,0.9583333333333334,1.0,0.92,0.8695652173913043,0.9090909090909092,0.8333333333333334,0.9583333333333334,1.0,0.92,0.919029773953142,0.906898533825348,0.9006934385939116,0.8882800871044304,0.7037037037037037,3.23462513544557,0.0338164251207729
t5,0.7857142857142858,1.0,0.6470588235294118,0.7777777777777778,1.0,0.6363636363636364,0.7857142857142858,1.0,0.6470588235294118,0.5380959925838383,0.5228308580424528,0.5111911929546464,0.4993840506713319,0.4722222222222222,5.823519254527235,0.0308880308880308
t5,0.8727272727272727,1.0,0.7741935483870968,0.8679245283018869,1.0,0.7666666666666667,0.8727272727272727,1.0,0.7741935483870968,0.7242775199742143,0.719574419195161,0.7195436799743828,0.7195125362901734,0.6764705882352942,3.896193301795215,0.028235294117647
t5,0.9491525423728812,1.0,0.9032258064516128,0.9473684210526316,1.0,0.9,0.9491525423728812,1.0,0.9032258064516128,0.8700187582760454,0.8644772375226948,0.864441714953763,0.8644057340291031,0.8125,3.1357147635698226,0.0323660714285714
t5,0.5588235294117648,0.59375,0.5277777777777778,0.5151515151515151,0.5483870967741935,0.4857142857142857,0.5588235294117648,0.59375,0.5277777777777778,0.8848162820737113,0.7306362079706739,0.6215651568286402,0.5813959800267893,0.4146341463414634,3.382956394092469,0.0256410256410256
t5,0.9333333333333332,1.0,0.875,0.9302325581395348,1.0,0.8695652173913043,0.9333333333333332,1.0,0.875,0.8048862921196247,0.7923099438052555,0.7858732301010509,0.7793343463380493,0.6666666666666666,3.617250785229937,0.0335097001763668
t5,0.9130434782608696,1.0,0.84,0.9090909090909092,1.0,0.8333333333333334,0.9130434782608696,1.0,0.84,0.8332763516874306,0.8280024507273835,0.8279688590015234,0.8279348366125112,0.7142857142857143,3.617250785229937,0.037037037037037
bart,0.9491525423728812,1.0,0.9032258064516128,0.8771929824561403,0.925925925925926,0.8333333333333334,0.9491525423728812,1.0,0.9032258064516128,0.8942596418009544,0.8748739891668931,0.86013943347695,0.8452455852930614,0.6756756756756757,3.2297792559998566,0.0283975659229208
bart,1.0,1.0,1.0,1.0,1.0,1.0,1.0,1.0,1.0,0.9559544198533396,0.9298829356755212,0.9033330756412292,0.8762915515322278,0.6,3.490342957461841,0.05625
bart,0.9302325581395348,0.9523809523809524,0.9090909090909092,0.8780487804878048,0.9,0.8571428571428571,0.9302325581395348,0.9523809523809524,0.9090909090909092,0.9696704871455504,0.9468869308404058,0.9313816573478942,0.9156322063200676,0.6956521739130435,3.1357147635698226,0.0535714285714285
bart,0.9473684210526316,1.0,0.9,0.9454545454545454,1.0,0.896551724137931,0.9473684210526316,1.0,0.9,0.8850660329491306,0.8747143834409535,0.8694472206029694,0.8641177244769618,0.7352941176470589,3.2712925602958656,0.0300925925925925
bart,0.8484848484848484,1.0,0.7368421052631579,0.8387096774193548,1.0,0.7222222222222222,0.8484848484848484,1.0,0.7368421052631579,0.6703200460356393,0.6623400454875961,0.6622439009026798,0.6621454113278876,0.5909090909090909,4.4816890703380645,0.0476190476190476
bart,1.0,1.0,1.0,1.0,1.0,1.0,1.0,1.0,1.0,0.9938080693803776,0.9875967689467504,0.9875577041641488,0.9875181448906284,0.8928571428571429,2.82084655592679,0.0383597883597883
bart,0.8750000000000001,0.7777777777777778,1.0,0.8571428571428571,0.75,1.0,0.8750000000000001,0.7777777777777778,1.0,0.84,0.8367346938775511,0.8333333333333334,0.8297872340425532,0.8,2.225540928492468,0.1
bart,1.0,1.0,1.0,1.0,1.0,1.0,1.0,1.0,1.0,0.9902912621359224,0.9901960784313726,0.99009900990099,0.99,0.8888888888888888,2.718281828459045,0.0462962962962962
bart,0.9361702127659574,0.9565217391304348,0.9166666666666666,0.8444444444444444,0.8636363636363636,0.8260869565217391,0.9361702127659574,0.9565217391304348,0.9166666666666666,0.9057464146424824,0.8592907192054797,0.8387999405167337,0.8180143304799481,0.5862068965517241,3.097002730371003,0.040133779264214
bart,0.9743589743589745,1.0,0.95,0.972972972972973,1.0,0.9473684210526316,0.9743589743589745,1.0,0.95,0.9377370363845644,0.9040054883131772,0.8833754690579231,0.8624442816383586,0.64,3.1154189462171216,0.049090909090909
bart,0.7333333333333334,0.9565217391304348,0.5945945945945946,0.5862068965517242,0.7727272727272727,0.4722222222222222,0.7333333333333334,0.9565217391304348,0.5945945945945946,0.552258997452807,0.5375607167191648,0.5189895248250386,0.5001739751428319,0.4146341463414634,5.9453458040103895,0.0233297985153764
bart,0.9047619047619048,1.0,0.8260869565217391,0.9,1.0,0.8181818181818182,0.9047619047619048,1.0,0.8260869565217391,0.823633317832428,0.8174405861194022,0.8173936714852126,0.817346040597066,0.6956521739130435,3.7276927392001817,0.0463157894736842
bart,0.9433962264150944,1.0,0.8928571428571429,0.9411764705882352,1.0,0.8888888888888888,0.9433962264150944,1.0,0.8928571428571429,0.8677150584487922,0.8618122349219296,0.8617718046238004,0.8617308166663866,0.8214285714285714,3.211270543153561,0.0357142857142857
bart,0.878048780487805,1.0,0.782608695652174,0.8717948717948718,1.0,0.7727272727272727,0.878048780487805,1.0,0.782608695652174,0.7143025991212594,0.6940864878253746,0.6802881896392946,0.6662245395650208,0.5714285714285714,4.365288192202982,0.0319548872180451
bart,0.9722222222222222,0.9722222222222222,0.9722222222222222,0.9428571428571428,0.9428571428571428,0.9428571428571428,0.9722222222222222,0.9722222222222222,0.9722222222222222,0.9739130434782608,0.9475982532751092,0.9342105263157896,0.9251101321585904,0.75,2.8735711389416427,0.0285087719298245
bart,0.7555555555555554,1.0,0.6071428571428571,0.6511627906976744,0.875,0.5185185185185185,0.3999999999999999,0.5294117647058824,0.3214285714285714,0.4036246150926091,0.3993325998713552,0.394950226434917,0.3817973974324591,0.5357142857142857,6.96694255411878,0.0374331550802139
bart,0.8518518518518519,1.0,0.7419354838709677,0.846153846153846,1.0,0.7333333333333333,0.8518518518518519,1.0,0.7419354838709677,0.729212952525235,0.7181642714263679,0.7125134192612983,0.7067756309090739,0.6896551724137931,4.198732141709943,0.0395256916996047
bart,0.8928571428571428,1.0,0.8064516129032258,0.8518518518518519,0.9583333333333334,0.7666666666666667,0.8928571428571428,1.0,0.8064516129032258,0.8050366538401139,0.8001576438168405,0.795219133671332,0.7902200283093143,0.7241379310344828,3.5966397255692817,0.04
bart,0.9268292682926828,0.95,0.9047619047619048,0.8717948717948718,0.8947368421052632,0.85,0.9268292682926828,0.95,0.9047619047619048,0.9728523691698342,0.94582869224845,0.9273919780871316,0.9086074013944678,0.64,3.1832246912598827,0.0430622009569378
bart,0.6470588235294118,0.8461538461538461,0.5238095238095238,0.5757575757575758,0.76,0.4634146341463415,0.6470588235294118,0.8461538461538461,0.5238095238095238,0.4925617280235121,0.4594238061033246,0.4358307149625584,0.4253210718182715,0.4222222222222222,5.432001640742895,0.0253496503496503
bart,0.96875,1.0,0.9393939393939394,0.967741935483871,1.0,0.9375,0.96875,1.0,0.9393939393939394,0.8995864638897915,0.8804463263602214,0.8611014814773941,0.8415486275098049,0.7272727272727273,3.460383116821374,0.0325670498084291
bart,0.7659574468085107,1.0,0.6206896551724138,0.6666666666666667,0.8823529411764706,0.5357142857142857,0.7659574468085107,1.0,0.6206896551724138,0.4933855501833879,0.488732565742358,0.4793388345369415,0.469767863120102,0.5172413793103449,5.839854501207305,0.0372549019607843
bart,0.9302325581395348,1.0,0.8695652173913043,0.9268292682926828,1.0,0.8636363636363636,0.9302325581395348,1.0,0.8695652173913043,0.7838667077865417,0.7699337122880274,0.7627518383872302,0.7554417167382045,0.5555555555555556,3.8574255306969754,0.0444444444444444
bart,0.9375,1.0,0.8823529411764706,0.9333333333333332,1.0,0.875,0.9375,1.0,0.8823529411764706,0.8640994473256589,0.854280135424231,0.8442350922147243,0.8339564433491825,0.6842105263157895,3.549002814366304,0.0561403508771929
bart,0.9142857142857144,1.0,0.8421052631578947,0.8484848484848485,0.9333333333333332,0.7777777777777778,0.9142857142857144,1.0,0.8421052631578947,0.7924496785683757,0.7829073779406319,0.7731378796788942,0.7631329718204882,0.6666666666666666,3.490342957461841,0.05
bart,0.9491525423728816,0.9655172413793104,0.9333333333333332,0.912280701754386,0.9285714285714286,0.896551724137931,0.9491525423728816,0.9655172413793104,0.9333333333333332,0.9560408020363196,0.9184720432466223,0.8992814223235881,0.87983994361071,0.5454545454545454,3.294675538719895,0.0464196198044331
bart,1.0,1.0,1.0,1.0,1.0,1.0,1.0,1.0,1.0,0.9840956595183642,0.968031142703906,0.9597707143545546,0.9513748691470172,0.8421052631578947,2.8651811561836884,0.0578947368421052
bart,0.9787234042553192,0.9583333333333334,1.0,0.9333333333333332,0.9130434782608696,0.9545454545454546,0.9787234042553192,0.9583333333333334,1.0,0.9864864864864864,0.9659863945578232,0.952054794520548,0.9379310344827586,0.6785714285714286,2.833936307694169,0.0383333333333333
bart,0.9166666666666666,1.0,0.8461538461538461,0.9130434782608696,1.0,0.84,0.9166666666666666,1.0,0.8461538461538461,0.8051983240180707,0.7916655790765904,0.7847271801871027,0.7776701761883931,0.6666666666666666,3.449037608585747,0.0347985347985348
bart,1.0,1.0,1.0,1.0,1.0,1.0,1.0,1.0,1.0,0.9629629629629628,0.9615384615384616,0.96,0.9583333333333334,0.75,2.718281828459045,0.375
bart,1.0,1.0,1.0,1.0,1.0,1.0,1.0,1.0,1.0,0.9473684210526316,0.9444444444444444,0.9411764705882352,0.9375,0.6,2.718281828459045,0.25
bart,0.7868852459016393,0.96,0.6666666666666666,0.6779661016949152,0.8333333333333334,0.5714285714285714,0.7868852459016393,0.96,0.6666666666666666,0.6275276108660724,0.6082447315954403,0.5925829360649029,0.5767357938416964,0.5135135135135135,4.220695816996552,0.0322222222222222
bart,0.6956521739130436,1.0,0.5333333333333333,0.6818181818181819,1.0,0.5172413793103449,0.6956521739130436,1.0,0.5333333333333333,0.4854047125102882,0.4805506653851853,0.480501634606144,0.4804516031989588,0.5357142857142857,6.941375821197036,0.0383064516129032
bart,0.7727272727272727,0.9444444444444444,0.6538461538461539,0.7142857142857143,0.8823529411764706,0.6,0.7727272727272727,0.9444444444444444,0.6538461538461539,0.5904762803895,0.5743257644824095,0.5578816028315537,0.5466017307515001,0.4074074074074074,5.0784190371800815,0.0456730769230769
bart,0.9767441860465116,0.9545454545454546,1.0,0.9268292682926828,0.9047619047619048,0.95,0.9767441860465116,0.9545454545454546,1.0,0.9858156028368794,0.9642857142857144,0.9424460431654677,0.927536231884058,0.5833333333333334,2.8508552803231337,0.0606060606060606
bart,0.7450980392156863,1.0,0.59375,0.7346938775510204,1.0,0.5806451612903226,0.7450980392156863,1.0,0.59375,0.503364520770013,0.4861554773248844,0.4729890755511329,0.4595936928769684,0.3513513513513513,7.836744685208636,0.0285714285714285
bart,0.9523809523809524,1.0,0.9090909090909092,0.9180327868852458,0.9655172413793104,0.875,0.9523809523809524,1.0,0.9090909090909092,0.8456524421520186,0.8406786886050185,0.8356467625019132,0.830555637268183,0.7575757575757576,3.211270543153561,0.0409523809523809
bart,0.7936507936507937,1.0,0.6578947368421053,0.7540983606557377,0.9583333333333334,0.6216216216216216,0.7936507936507937,1.0,0.6578947368421053,0.6216931462500752,0.6139702500233661,0.6061508175938233,0.5982330275236573,0.5853658536585366,5.101984744583678,0.0218855218855218
bart,0.5531914893617021,0.9285714285714286,0.3939393939393939,0.4888888888888889,0.8461538461538461,0.34375,0.5531914893617021,0.9285714285714286,0.3939393939393939,0.2204738487180913,0.212376899418385,0.2040824635503931,0.1955832267967718,0.3333333333333333,11.342666690780044,0.0315126050420168
bart,0.7586206896551725,1.0,0.6111111111111112,0.7499999999999999,1.0,0.6,0.7586206896551725,1.0,0.6111111111111112,0.4825855535292583,0.4790637605036579,0.4754909269994256,0.4718659353418468,0.4615384615384615,7.7494281040688895,0.0254706533776301
bart,0.625,1.0,0.4545454545454545,0.6086956521739131,1.0,0.4375,0.625,1.0,0.4545454545454545,0.336516226086808,0.3331510638259399,0.3297179184890947,0.3262147089617016,0.4545454545454545,9.915683019162888,0.028657616892911
bart,0.912280701754386,1.0,0.8387096774193549,0.9090909090909092,1.0,0.8333333333333334,0.912280701754386,1.0,0.8387096774193549,0.7215070613605913,0.7113102037766894,0.7060862958415085,0.7007882899214313,0.6111111111111112,3.743421377260863,0.029090909090909
bart,0.9714285714285714,0.9444444444444444,1.0,0.9411764705882354,0.9142857142857144,0.9696969696969696,0.9714285714285714,0.9444444444444444,1.0,0.9669811320754716,0.9383886255924172,0.9142857142857144,0.8947368421052632,0.7,2.9299929005337013,0.0226744186046511
bart,1.0,1.0,1.0,1.0,1.0,1.0,1.0,1.0,1.0,0.9934426465248374,0.9868635561505008,0.9868196955480052,0.9867752462125902,0.8888888888888888,2.817117744102729,0.0381773399014778
bart,0.1,0.0526315789473684,1.0,0.0,0.0,0.0,0.1,0.0526315789473684,1.0,0.0254237288135593,0.017094017094017,0.0086206896551724,0.0008695652173913,0.0625,1.0540412425918024,0.1052631578947368
bart,1.0,1.0,1.0,1.0,1.0,1.0,1.0,1.0,1.0,0.9850746268656716,0.9696969696969696,0.953846153846154,0.9375,0.6363636363636364,3.037731777517483,0.1111111111111111
bart,1.0,1.0,1.0,1.0,1.0,1.0,1.0,1.0,1.0,0.9682566771439106,0.9366830898457396,0.915055760817322,0.892947824477162,0.5294117647058824,3.4238622637752645,0.0673076923076923
bart,1.0,1.0,1.0,1.0,1.0,1.0,1.0,1.0,1.0,0.975709711125842,0.951518561263218,0.935055139828932,0.9183150222360866,0.68,3.097002730371003,0.0418060200668896
bart,0.9130434782608696,1.0,0.84,0.8636363636363635,0.95,0.7916666666666666,0.9130434782608696,1.0,0.84,0.7472626250007062,0.7413319692467323,0.7353064230006948,0.7291836905248826,0.7307692307692307,3.7936678946831774,0.0391156462585034
bart,1.0,1.0,1.0,1.0,1.0,1.0,1.0,1.0,1.0,0.9830032455687052,0.9660549137485552,0.9602748468272324,0.954427569825429,0.7692307692307693,3.080216848918031,0.0464135701790625
bart,0.981132075471698,0.9629629629629628,1.0,0.9411764705882352,0.9230769230769232,0.96,0.981132075471698,0.9629629629629628,1.0,0.9562165164409384,0.931101105940013,0.9119509424707986,0.8925520755799061,0.6129032258064516,2.944679551065524,0.0355555555555555
bart,0.979591836734694,0.96,1.0,0.9361702127659574,0.9166666666666666,0.9565217391304348,0.979591836734694,0.96,1.0,0.9929577464788732,0.9716312056737588,0.9642857142857144,0.9568345323741008,0.7692307692307693,2.718281828459045,0.0448
bart,0.9523809523809524,1.0,0.9090909090909092,0.9180327868852458,0.9655172413793104,0.875,0.507936507936508,0.5333333333333333,0.4848484848484848,0.9263365021185116,0.9160730829578576,0.9108422573043744,0.9055533113658526,0.7878787878787878,3.211270543153561,0.0323809523809523
bart,0.7499999999999999,1.0,0.6,0.7368421052631579,1.0,0.5833333333333334,0.7499999999999999,1.0,0.6,0.6381687434941298,0.6272598760839737,0.6216643794382471,0.6159715698073774,0.4444444444444444,6.405409432177272,0.0384615384615384
bart,0.9545454545454544,1.0,0.9130434782608696,0.9047619047619048,0.95,0.8636363636363636,0.9545454545454544,1.0,0.9130434782608696,0.8755212488950813,0.8544019386792644,0.8329474013171647,0.8111495913572715,0.5555555555555556,3.288646856892646,0.0457142857142857
bart,0.6666666666666666,1.0,0.5,0.653061224489796,1.0,0.4848484848484848,0.6666666666666666,1.0,0.5,0.4270236448886857,0.423177790149693,0.4231097113546239,0.4230404059145985,0.4166666666666667,7.836744685208636,0.0285714285714285
bart,0.8571428571428571,0.9473684210526316,0.782608695652174,0.7999999999999999,0.8888888888888888,0.7272727272727273,0.8571428571428571,0.9473684210526316,0.782608695652174,0.7504295320087315,0.736914576922097,0.7299189276801978,0.7227983561304074,0.5555555555555556,3.7936678946831774,0.037037037037037
bart,0.9090909090909092,0.8333333333333334,1.0,0.888888888888889,0.8,1.0,0.9090909090909092,0.8333333333333334,1.0,0.7894736842105263,0.7567567567567568,0.75,0.7428571428571429,0.4444444444444444,3.211270543153561,0.119047619047619
bart,0.981132075471698,0.9629629629629628,1.0,0.9411764705882352,0.9230769230769232,0.96,0.981132075471698,0.9629629629629628,1.0,0.9562165164409384,0.931101105940013,0.9119509424707986,0.8925520755799061,0.6129032258064516,2.944679551065524,0.0355555555555555
bart,1.0,1.0,1.0,1.0,1.0,1.0,1.0,1.0,1.0,0.9784954614449576,0.956751117857292,0.9562569282302996,0.955739753039261,0.75,3.0041660239464334,0.0818181818181818
